CREATE DATABASE  IF NOT EXISTS `bookstore` /*!40100 DEFAULT CHARACTER SET utf8 COLLATE utf8_unicode_ci */;
USE `bookstore`;
-- MySQL dump 10.13  Distrib 5.7.9, for Win64 (x86_64)
--
-- Host: localhost    Database: bookstore
-- ------------------------------------------------------
-- Server version	5.7.11-log

/*!40101 SET @OLD_CHARACTER_SET_CLIENT=@@CHARACTER_SET_CLIENT */;
/*!40101 SET @OLD_CHARACTER_SET_RESULTS=@@CHARACTER_SET_RESULTS */;
/*!40101 SET @OLD_COLLATION_CONNECTION=@@COLLATION_CONNECTION */;
/*!40101 SET NAMES utf8 */;
/*!40103 SET @OLD_TIME_ZONE=@@TIME_ZONE */;
/*!40103 SET TIME_ZONE='+00:00' */;
/*!40014 SET @OLD_UNIQUE_CHECKS=@@UNIQUE_CHECKS, UNIQUE_CHECKS=0 */;
/*!40014 SET @OLD_FOREIGN_KEY_CHECKS=@@FOREIGN_KEY_CHECKS, FOREIGN_KEY_CHECKS=0 */;
/*!40101 SET @OLD_SQL_MODE=@@SQL_MODE, SQL_MODE='NO_AUTO_VALUE_ON_ZERO' */;
/*!40111 SET @OLD_SQL_NOTES=@@SQL_NOTES, SQL_NOTES=0 */;

--
-- Table structure for table `category`
--

DROP TABLE IF EXISTS `category`;
/*!40101 SET @saved_cs_client     = @@character_set_client */;
/*!40101 SET character_set_client = utf8 */;
CREATE TABLE `category` (
  `ma_the_loai` int(11) NOT NULL AUTO_INCREMENT,
  `ten_the_loai` varchar(255) COLLATE utf8_unicode_ci DEFAULT NULL,
  `mo_ta` varchar(255) COLLATE utf8_unicode_ci DEFAULT NULL,
  PRIMARY KEY (`ma_the_loai`)
) ENGINE=InnoDB AUTO_INCREMENT=13 DEFAULT CHARSET=utf8 COLLATE=utf8_unicode_ci;
/*!40101 SET character_set_client = @saved_cs_client */;

--
-- Dumping data for table `category`
--

LOCK TABLES `category` WRITE;
/*!40000 ALTER TABLE `category` DISABLE KEYS */;
INSERT INTO `category` VALUES (1,'Kinh Tế','Các sách thuộc các chủ đề về kinh tế , tài chính , tiền tệ , các tỉ phú ...'),(2,'Thiếu Nhi','Các sách dành cho lứa tuổi thiếu nhi : truyện , các câu đó , bài học ...'),(3,'Văn Học','Các sách văn học trong và ngoài nước..'),(4,'TOP','Các sách được mua nhiều nhất trong tuần.'),(12,'Lập trình','.NET, J2EE');
/*!40000 ALTER TABLE `category` ENABLE KEYS */;
UNLOCK TABLES;

--
-- Table structure for table `chitietdonhang`
--

DROP TABLE IF EXISTS `chitietdonhang`;
/*!40101 SET @saved_cs_client     = @@character_set_client */;
/*!40101 SET character_set_client = utf8 */;
CREATE TABLE `chitietdonhang` (
  `ma_don_hang` int(11) NOT NULL,
  `ma_sach` int(11) NOT NULL,
  `so_luong` int(11) DEFAULT NULL,
  `don_gia` decimal(10,0) DEFAULT NULL
) ENGINE=InnoDB DEFAULT CHARSET=utf8 COLLATE=utf8_unicode_ci;
/*!40101 SET character_set_client = @saved_cs_client */;

--
-- Dumping data for table `chitietdonhang`
--

LOCK TABLES `chitietdonhang` WRITE;
/*!40000 ALTER TABLE `chitietdonhang` DISABLE KEYS */;
/*!40000 ALTER TABLE `chitietdonhang` ENABLE KEYS */;
UNLOCK TABLES;

--
-- Table structure for table `donhang`
--

DROP TABLE IF EXISTS `donhang`;
/*!40101 SET @saved_cs_client     = @@character_set_client */;
/*!40101 SET character_set_client = utf8 */;
CREATE TABLE `donhang` (
  `ma_don_hang` int(11) NOT NULL,
  `da_thanh_toan` int(11) DEFAULT NULL,
  `tinh_trang_thanh_toan` int(11) DEFAULT NULL,
  `ngay_dat` datetime DEFAULT NULL,
  `ngay_giao` date DEFAULT NULL,
  `ma_khach_hang` int(11) DEFAULT NULL
) ENGINE=InnoDB DEFAULT CHARSET=utf8 COLLATE=utf8_unicode_ci;
/*!40101 SET character_set_client = @saved_cs_client */;

--
-- Dumping data for table `donhang`
--

LOCK TABLES `donhang` WRITE;
/*!40000 ALTER TABLE `donhang` DISABLE KEYS */;
/*!40000 ALTER TABLE `donhang` ENABLE KEYS */;
UNLOCK TABLES;

--
-- Table structure for table `khachhang`
--

DROP TABLE IF EXISTS `khachhang`;
/*!40101 SET @saved_cs_client     = @@character_set_client */;
/*!40101 SET character_set_client = utf8 */;
CREATE TABLE `khachhang` (
  `ma_khach_hang` int(11) NOT NULL AUTO_INCREMENT,
  `tai_khoan` varchar(255) COLLATE utf8_unicode_ci NOT NULL,
  `mat_khau` varchar(255) COLLATE utf8_unicode_ci DEFAULT NULL,
  `email` varchar(255) COLLATE utf8_unicode_ci DEFAULT NULL,
  `ho_ten` varchar(255) COLLATE utf8_unicode_ci DEFAULT NULL,
  `dia_chi` varchar(255) COLLATE utf8_unicode_ci DEFAULT NULL,
  `dien_thoai` varchar(255) COLLATE utf8_unicode_ci DEFAULT NULL,
  `gioi_tinh` varchar(255) COLLATE utf8_unicode_ci DEFAULT NULL,
  `admin` int(1) DEFAULT NULL,
  PRIMARY KEY (`ma_khach_hang`,`tai_khoan`)
) ENGINE=InnoDB AUTO_INCREMENT=5 DEFAULT CHARSET=utf8 COLLATE=utf8_unicode_ci;
/*!40101 SET character_set_client = @saved_cs_client */;

--
-- Dumping data for table `khachhang`
--

LOCK TABLES `khachhang` WRITE;
/*!40000 ALTER TABLE `khachhang` DISABLE KEYS */;
INSERT INTO `khachhang` VALUES (1,'thang','thang','thang@gmail.com','THẮNG','THHCM','12456','NAM',1),(2,'hai','hai','hai@gmail.com','Hải','TPHCM','123456','NAM',1),(3,'thien','thien','thien@gmail.com','THIỆN','TPHCM','123456','NAM',1);
/*!40000 ALTER TABLE `khachhang` ENABLE KEYS */;
UNLOCK TABLES;

--
-- Table structure for table `nhaxuatban`
--

DROP TABLE IF EXISTS `nhaxuatban`;
/*!40101 SET @saved_cs_client     = @@character_set_client */;
/*!40101 SET character_set_client = utf8 */;
CREATE TABLE `nhaxuatban` (
  `ma_nxb` int(11) NOT NULL AUTO_INCREMENT,
  `ten_nxb` varchar(255) COLLATE utf8_unicode_ci DEFAULT NULL,
  `dia_chi` varchar(255) COLLATE utf8_unicode_ci DEFAULT NULL,
  `dien_thoai` varchar(255) COLLATE utf8_unicode_ci DEFAULT NULL,
  PRIMARY KEY (`ma_nxb`)
) ENGINE=InnoDB DEFAULT CHARSET=utf8 COLLATE=utf8_unicode_ci;
/*!40101 SET character_set_client = @saved_cs_client */;

--
-- Dumping data for table `nhaxuatban`
--

LOCK TABLES `nhaxuatban` WRITE;
/*!40000 ALTER TABLE `nhaxuatban` DISABLE KEYS */;
/*!40000 ALTER TABLE `nhaxuatban` ENABLE KEYS */;
UNLOCK TABLES;

--
-- Table structure for table `sach`
--

DROP TABLE IF EXISTS `sach`;
/*!40101 SET @saved_cs_client     = @@character_set_client */;
/*!40101 SET character_set_client = utf8 */;
CREATE TABLE `sach` (
  `ma_sach` int(11) NOT NULL AUTO_INCREMENT,
  `ma_the_loai` int(11) DEFAULT NULL,
  `ten_sach` varchar(255) COLLATE utf8_unicode_ci DEFAULT NULL,
  `hinh_anh` varchar(255) COLLATE utf8_unicode_ci DEFAULT NULL,
  `gia_ban` double DEFAULT NULL,
  `nha_xuat_ban` varchar(255) COLLATE utf8_unicode_ci DEFAULT NULL,
  `mo_ta` varchar(10000) COLLATE utf8_unicode_ci DEFAULT NULL,
  `tac_gia` varchar(255) COLLATE utf8_unicode_ci DEFAULT NULL,
  PRIMARY KEY (`ma_sach`)
) ENGINE=InnoDB AUTO_INCREMENT=90 DEFAULT CHARSET=utf8 COLLATE=utf8_unicode_ci ROW_FORMAT=COMPACT;
/*!40101 SET character_set_client = @saved_cs_client */;

--
-- Dumping data for table `sach`
--

LOCK TABLES `sach` WRITE;
/*!40000 ALTER TABLE `sach` DISABLE KEYS */;
INSERT INTO `sach` VALUES (1,3,'Mưu Sát Tuổi Xuân-Tập1','Mưu Sát Tuổi Xuân-Tập1',79000,'NXB văn học','Đêm mưa như trút nước, người phụ nữ ấy đã bị sát hại ở cửa hàng tạp hóa đối diện trường trung học Nam Minh. Cậu bé Thu Thu tận mắt chứng kiến mẹ mình bị siết cổ đến chết bằng một chiếc khăn lụa màu tím.\r\n\r\nMười lăm năm sau, nhân viên cảnh sát phụ trách vụ án này đã hy sinh trong khi làm nhiệm vụ. Vụ án vẫn chưa được phá. Thu Thu vẫn âm thầm đi tìm hun thủ.\r\n\r\nMột ngày cậu phát hiện ra chiếc khăn lụa trên người một cô gái, giống y hệt như chiếc khăn lụa đã giết chết mẹ cậu. Cô ấy chính là Điền Tiểu Mạch - Con gái của nhân viên cảnh sát hình sự đã mang Thu Thu về nhà...\r\n\r\nĐêm mưa như trút nước, người phụ nữ ấy đã bị sát hại ở cửa hàng tạp hóa đối diện trường trung học Nam Minh. Cậu bé Thu Thu tận mắt chứng kiến mẹ mình bị siết cổ đến chết bằng một chiếc khăn lụa màu tím.Mười lăm năm sau, nhân viên cảnh sát phụ trách vụ án này đã hy sinh trong khi làm nhiệm vụ. Vụ án vẫn chưa được phá. Thu Thu vẫn âm thầm đi tìm hun thủ.\r\n\r\nMột ngày cậu phát hiện ra chiếc khăn lụa trên người một cô gái, giống y hệt như chiếc khăn lụa đã giết chết mẹ cậu. Cô ấy chính là Điền Tiểu Mạch - Con gái của nhân viên cảnh sát hình sự đã mang Thu Thu về nhà...Cửa hàng \"Khu ma nữ\" bí ẩn, nơi bạn có thể mua được bất cứ thứ gì mình muốn, nhưng...đừng bao giờ quay lại lần thứ hai!','Sái Tuấn '),(2,3,'Chờ Em Mười Tám','Chờ Em Mười Tám',63000,'NXB văn học','Cuộc hôn nhân của hai người họ thực ra chỉ là một quyết định chóng vánh. Lương Hoà - cô phóng viên yếu đuối mang trong mình nỗi đau quá khứ, khi quyết định lấy anh chỉ đơn giản là vì cô cần một chỗ dựa và anh đã mang đến cho cô cảm giác bình an. Còn CốHoài Ninh đến với cô phải chăng là để tháo bỏ nút thắt trong lòng với hai người phụ nữ ở quá khứ và hiện tại?\r\n\r\nBởi gia cảnh của mình, cô luôn thu mình trước anh và gia đình anh, cô thận trọng khi thể hiện tình cảm với anh và cũng thận trọng trước sự quan tâm của anh. Anh thì với bản tính quyết đoán, dứt khoát của nhà binh, cũng luôn thể hiện tình cảm với cô theo cách lạnh lùng điềm tĩnh nhất. Hai người họ kẻ qua người lại như thế, khiến cho đối phương vẫn luôn hoài nghi về tình cảm của mình, và họ trở nên xa cách - anh để mặc cô làm những gì mình thích, còn cô thì dường như luôn đứng ngoài cuộc sống của anh. \r\n\r\nThứ tình cảm mong manh giữa hai người những tưởng sẽ khiến cho cuộc hôn nhân của họ trở nên nhạt nhoà, nhưng rồi những biến cố trong cuộc sống đã đưa họ đến gần nhau hơn. Từ việc đối phó với bà mẹ chồng luôn tìm mọi cách để được ở gần con trai và con dâu, việc đối phó với tay tổng biên tập luôn thầm thương trộm nhớ Lương Hoà, đến việc xử sự ra sao khi cô biết cô gái trước kia từng yêu anh đã chấp nhận lấy anh trai anh chỉ vì muốn được ở gần anh rồi cuối cùng lại chết vì chứng stress trước khi sinh. Và đỉnh điểm hơn là khi sự thật về thân thế của cô cứ lần lượt bị phơi bày. Lương Hoà đã suy sụp khi biết rằng ba cô trước khi qua đời đã mang tội danh tham ô, và cảm giác mình không xứng với anh chưa bao giờ lớn đến vậy. Sau đó không lâu, cô lại biết được sự thật người chủ hôn trong đám cưới của cô - cũng là người thân thiết với gia đình nhà chồng cô lại chính là người ông đã bỏ rơi bà và mẹ cô. Cuộc sống của cô đã bị đảo lộn, gần như bị phá nát bởi những sự thật động trời đó. Nhưng anh vẫn luôn ở bên cô, điềm đạm, tỉ mỉ, nhưng cũng hết sức ân cần tha thiết và đong đầy yêu thương. Cô đã bị anh đánh gục bởi tình yêu chân thành, còn anh thì coi việc bảo vệ cô là lẽ sống, là mệnh lệnh không thể chối từ. \r\n\r\nNăm mười lăm tuổi, tôi giới thiệu với bạn bè mình:“Anh ấy là bạn của anh trai tớ”.Năm mười bảy tuổi, tôi giới thiệu với bạn bè mình: “Anh ấy là anh trai của tớ. Đúng vậy, tớ có hai người anh trai.”Năm hai mươi tuổi, tôi đã có thể hét to lên với cả thế giới rằng: “Anh ấy chính là bạn trai của tôi.”','Celia Nguyễn '),(3,3,'Những Con Vịt Cánh Sẻ','Những Con Vịt Cánh Sẻ',74000,'NXB Lao động','Câu chuyện xoay quanh một chàng thanh niên trẻ quê Nam Định lần đầu lên Hà Nội nhập học đại học và bắt đầu cuộc sống sinh viên. Cuộc sống của cậu là những ngày buồn tẻ sáng chiều lên giảng đường hàng tháng nhận tiền trợ cấp từ bố mẹ gửi lên. Cuộc sống cứ thế trôi qua trong căn phòng trọ chật hẹp, với một chàng trai không biết làm gì ngoài ngủ và đi học. Cuộc sống bắt đầu thay đổi khi cậu sinh viên quyết định đi làm thêm. Công việc đầu tiên là làm nhân viên phát tờ rơi cho một trung tâm chăm sóc sức khỏe sinh sản. Ở đó, cậu gặp bác sĩ  Bích Thủy người sẽ làm thay đổi cuộc đời sau này. Trong một lần đi phát bao cao su tuyên truyền về các biện pháp tình dục, cậu bị một nhóm người thô lỗ chế nhạo và đánh đập. Sau lần đó, cậu nghỉ việc tại trung tâm chăm sóc sức khỏe sinh sản, chuyển sang làm nhân viên trong nhà hàng.\r\n\r\nMọi việc bắt đầu từ khi cậu lọt vào mắt Tùng - tên yêu râu xanh quản lý nhà hàng. Trong một lần xe hỏng, Tùng đã đưa cậu về nhưng không phải về nhà cậu mà về biệt thự của Tùng. Trong đêm đó Tùng đã dở trò đồi bại. Dù cho cậu đã cố gắng thoát thân nhưng chẳng thể thay đổi được mọi chuyện.\r\n\r\nKể từ đó, cậu trở thành người của Tùng và được nâng đỡ trong công việc, mua xe mới, có cuộc sống đầy đủ hơn về vật chất. Cậu không những bị làm nô lệ tình dục cho Tùng mà còn là món hàng để hắn kiếm lợi nhuận từ các gã trai khác. Những ngày u tối, tồi tệ cứ kèo dài mãi. Cho đến khi Tùng bị công an bắt vì tội giết người thì cậu mới thoát được lão ta.\r\n\r\nKhi cậu bắt đầu trở về với cuộc sống bình thường  một sự thật đáng sợ đã ập đến: cậu nhiễm căn bệnh thế kỷ HIV.  Cậu tuyệt vọng, tinh thần suy sụp và thậm chí còn có tư tưởng trả thù đời. Người giúp cậu tìm thấy ánh sáng lúc ấy không ai khác chính là bác sĩ Bích Thủy. Cậu hẹn gặp bác sĩ Bích Thủy. Những giọt nước mắt của một thằng con trai, những giọt nước mắt tiếc nuối về những ước mơ dự định đành dang dở, những giọt nước mắt ân hận về những lỗi lầm mà mình đã vô thức tạo ra cho chính bản thân mình… Bác sĩ Thủy đã hướng hắn đến các việc thiện, giúp cậu nhận ra mình vẫn còn có ích cho xã hội. Cậu tham gia vào tuyên truyền về HIV, các tệ nạn xã hội để các bạn trẻ không rơi vào con đường lầm lạc.\r\n\r\nNhững con vịt cánh sẻ chú trọng đi sâu vào miêu tả tâm lý và nội tâm của nhân vật. Từ những hình tượng nhân vật và những ẩn dụ thông minh, tác giả đã gửi gắm vào đó thông điệp sống ý nghĩa mà giản dị.','Trần Hồng Giang '),(4,3,'Yêu Thương Trao Anh','Yêu Thương Trao Anh',100000,'NXB văn học','Cuộc hôn nhân của hai người họ thực ra chỉ là một quyết định chóng vánh. Lương Hoà - cô phóng viên yếu đuối mang trong mình nỗi đau quá khứ, khi quyết định lấy anh chỉ đơn giản là vì cô cần một chỗ dựa và anh đã mang đến cho cô cảm giác bình an. Còn CốHoài Ninh đến với cô phải chăng là để tháo bỏ nút thắt trong lòng với hai người phụ nữ ở quá khứ và hiện tại?Bởi gia cảnh của mình, cô luôn thu mình trước anh và gia đình anh, cô thận trọng khi thể hiện tình cảm với anh và cũng thận trọng trước sự quan tâm của anh. Anh thì với bản tính quyết đoán, dứt khoát của nhà binh, cũng luôn thể hiện tình cảm với cô theo cách lạnh lùng điềm tĩnh nhất. Hai người họ kẻ qua người lại như thế, khiến cho đối phương vẫn luôn hoài nghi về tình cảm của mình, và họ trở nên xa cách - anh để mặc cô làm những gì mình thích, còn cô thì dường như luôn đứng ngoài cuộc sống của anh. Thứ tình cảm mong manh giữa hai người những tưởng sẽ khiến cho cuộc hôn nhân của họ trở nên nhạt nhoà, nhưng rồi những biến cố trong cuộc sống đã đưa họ đến gần nhau hơn. Từ việc đối phó với bà mẹ chồng luôn tìm mọi cách để được ở gần con trai và con dâu, việc đối phó với tay tổng biên tập luôn thầm thương trộm nhớ Lương Hoà, đến việc xử sự ra sao khi cô biết cô gái trước kia từng yêu anh đã chấp nhận lấy anh trai anh chỉ vì muốn được ở gần anh rồi cuối cùng lại chết vì chứng stress trước khi sinh. Và đỉnh điểm hơn là khi sự thật về thân thế của cô cứ lần lượt bị phơi bày. Lương Hoà đã suy sụp khi biết rằng ba cô trước khi qua đời đã mang tội danh tham ô, và cảm giác mình không xứng với anh chưa bao giờ lớn đến vậy. Sau đó không lâu, cô lại biết được sự thật người chủ hôn trong đám cưới của cô - cũng là người thân thiết với gia đình nhà chồng cô lại chính là người ông đã bỏ rơi bà và mẹ cô. Cuộc sống của cô đã bị đảo lộn, gần như bị phá nát bởi những sự thật động trời đó. Nhưng anh vẫn luôn ở bên cô, điềm đạm, tỉ mỉ, nhưng cũng hết sức ân cần tha thiết và đong đầy yêu thương. Cô đã bị anh đánh gục bởi tình yêu chân thành, còn anh thì coi việc bảo vệ cô là lẽ sống, là mệnh lệnh không thể chối từ. Họ đã yêu nhau như thế, từng bước từng bước cùng nhau vượt qua sóng gió, và đã thực sự là một phần của nhau. Bình minh đến vén màn đêm đen tối, mọi thứ trở nên tươi đẹp hơn khi họ vui mừng chờ đón hai bảo bối đang lớn dần trong cơ thể cô từng giờ từng phút. Cô mở lòng mình đón nhận người ông đã từng gây ra lỗi lầm trong quá khứ, đón nhận sự quan tâm của người mẹ chồng mà cô đã từng rất sợ hãi và thậm chí là căm hận, và quan trọng là cô đã có cảm giác rất mạnh mẽ về thân phận của mình - Cô là vợ bộ đội, và Anh là chàng trung tá của cô, của một mình cô.','Scotland Chiết Nhĩ Miêu '),(5,1,'8 Kỹ Năng Mềm Thiết Yếu','8 Kỹ Năng Mềm Thiết Yếu',95000,'NXB Lao động','Cuốn sách hướng dẫn bạn cách rèn luyện để có được 8 kỹ năng mềm cần thiết trong cuộc sống. Đây là những kỹ năng mà bạn phải có để có thể đi đến thành công. Có thể kể đến:Kỹ năng làm chủ cảm xúc.Kỹ năng tư duy phê phán.Kỹ năng tư duy sáng tạo.Kỹ năng giao tiếp.Kỹ năng thuyết trình\r\nKỹ năng hợp tác\r\nKỹ năng chinh phục lòng người\r\nKỹ năng ra quyết định và giải quyết vấn đề.','Trần Thượng Tuấn, Nguyễn Minh Huy '),(6,1,'Điểm Mù','Điểm Mù',63000,'NXB Lao động','\"Chúng ta đánh giá quá cao năng lực để làm những gì chúng ta cho là đúng đắn và chúng ta đã hành xử thiếu đạo đức dù không có chủ ý. Những bê bối về đạo đức trong quá khứ và hiện tại - bao gồm cả những vụ sụp đổ thị trường tài chính, vụ sụp đổ Enron, những thiếu sót của Ford Pinto và thảm họa tàu vũ trụ Challenger vẫn sẽ tiếp diễn, trừ phi chúng ta tiếp cận đối phương bằng khía cạnh tâm lý cá nhân khi đối mặt với tình thế khó khăn về đạo đức.Điểm mù - Cuốn sách viết bởi 2 nhà nghiên cứu hàng đầu trong lĩnh vực đạo đức kinh doanh Max Bazerman và Ann Ten-brunsel chỉ cho chúng ta cách để bảo vệ không gian đạo đức tại công sở, nơi bạn làm việc cũng như trong cuộc sống thường nhật.\"',' Max H. Bazerman, Ann E. Tenbrunsel '),(7,1,'Mã Vân - Triết Lý Sống Của Tôi','Mã Vân - Triết Lý Sống Của Tôi',95000,'NXB Lao động','Dáng người gầy gò, tướng mạo xấu xí, kết quả môn Toán bết bát, hai lần thi trượt Đại học nhưng chưa bao giờ bằng lòng với cuộc sống thực tại. Trong một lần tình cờ tiếp xúc với máy vi tính, hiểu về internet, anh kiên quyết bỏ việc làm công ăn lương để bắt đầu gây dựng sự nghiệp, lập nên trang thương mại điện tử đầu tiên của Trung Quốc (China Pages). Dù mù tịt về máy tính nhưng anh lại trở thành một huyền thoại trong ngành thương mại điện tử. Anh được cả thế giới vinh danh và rất có thể sẽ trở thành \"Bill Gates Trung Quốc\". Một đời vang danh khắp nơi, giữ vị thế độc tôn trong lĩnh vực thương mại điện tử, nhưng đúng vào thời khắc được tung hô và tán thưởng nhiều nhất, anh lại lặng lẽ giấu đi ánh hào quang, tuyên bố nghỉ hưu để hưởng thụ cuộc sống. Người đàn ông hành động không theo lẽ thường ấy chính là Mã Vân.Cuốn sách Mã Vân - Triết lý sống của tôi đã ghi chép hết sức tường tận và chân thực hành trình lập nghiệp của Mã Vân, qua đó giúp chúng ta hiểu rõ trí tuệ, quan niệm về sự thành bại, những điều tâm đắc rút ra trong quá trình lập nghiệp và cả kinh nghiệm quản lý doanh nghiệp hết sức độc đáo của anh.Có lẽ cuốn sách không thể trực tiếp thay đổi cuộc sống và nâng cao hiệu quả công việc của chúng ta, nhưng nó có thể đem tới những gợi mở trên nhiều khía cạnh, giúp chúng ta nhớ lại những ước mơ đã từng ấp ủ, giúp chúng ta vững tin bước tiếp trong cuộc sống đầy chông gai, thử thách.Cùng với cuốn Mã Vân giày vải, đây cũng là một trong những cuốn sách thú vị về một nhân vật kiệt xuất trong giới doanh nhân.','Trương Yến'),(8,1,'Sức Mạnh Từ Những Khởi Đầu Ngớ Ngẩn','Sức Mạnh Từ Những Khởi Đầu Ngớ Ngẩn',79000,'NXB Lao động','Trong tác phẩm Sức mạnh từ những khởi đầu ngớ ngẩn, Richie Norton định nghĩa lại “sự ngớ ngẩn” theo đúng những gì chúng ta biết, giải thích rằng những ý tưởng thay đổi cuộc sống thường bị gán nhãn lầm là “ngớ ngẩn”. Sẽ ra sao nếu chìa khóa cho sự thành công, sáng tạo và viên mãn trong cuộc đời bạn lại nằm ở một trong những ý tưởng “ngớ ngẩn” đó? Cuốn sách gợi cảm hứng sâu sắc này sẽ giúp bạn:Cách đập tan sợ hãi, hiện thực giấc mơ và sống không hối tiếc;\r\nCách vượt qua những trở ngại như thiếu thời gian, thiếu kiến thức hay thiếu tiền bạc;\r\n5 hành động trong phần “Sự thông minh mới” để gặt hái được thành công chắc chắn.Bằng một số câu chuyện về những thành công vĩ đại của thế giới trong quá khứ và hiện tại, Richie đã cho độc giả thấy “ngớ ngẩn” chính là “Sự Thông minh Mới” – một mẫu số phổ biến cho sự thành công, sáng tạo và động lực trong kinh doanh và cuộc sống.','Richie Norton, Natalie Norton '),(9,1,'10 Nguyên Tắc Trở Thành Nhân Tài Của Bill Gates','10 Nguyên Tắc Trở Thành Nhân Tài Của Bill Gates',46000,'NXB Hồng Đức','Cuốn sách tập hợp những nguyên tắc để trở thành nhân viên tài giỏi do chính Bill Gates đúc kết. Những nguyên tắc này luôn là kim chỉ nam thành công và nguyên tắc làm việc mà các nhân viên của Công ty Microsoft cần phải tuân theo. Chính vì vậy, rất nhiều công ty nổi tiếng trên thế giới cũng áp dụng những nguyên tắc này để bồi dưỡng, nâng cao tinh thần làm việc của nhân viên công ty mình.10 nguyên tắc trở thành nhân tài của Bill Gates đã chỉ ra mục tiêu nỗ lực và phương hướng thành công cho nhân viên trên thế giới. Dù bạn ở đâu, làm gì, chỉ cần bạn nắm chắc, tuân theo và áp dụng những nguyên tắc này thì bạn sẽ thành công. Cuốn sách là một công cụ giúp đào tạo những nhân viên tài giỏi. Cuốn sách nói cho chúng ta biết mình cần phải đổi mới, nâng cao kiến thức ra sao, làm việc nhiệt tình như thế nào, song hành cùng kế hoạch lâu dài của Công ty… qua đó bạn sẽ được khẳng định và đạt được thành công.','Lã Quốc Vinh'),(10,2,'Thám Tử Lừng Danh Conan - Tập 85','Thám Tử Lừng Danh Conan - Tập 85',16000,'NXB Kim Đồng','Cuối cùng series \"Màu đỏ\" tiết lộ \"sự thật trên đèo Raiha\" cũng lên sóng!Điều mà các fan Conan mong đợi bấy lâu... một bí ẩn tuyệt mật sẽ được bật mí!Bên cạnh đó, \"vụ án giải đấu Danh nhân\" nơi Conan sẽ cùng Danh nhân Taiko - Shukichi Haneda đương đầu với những mật mã hóc búa, cùng vụ án thi thể biến mất và xuất hiện dưới hồ bơi đầy bikini sặc sỡ, với sự trở lại của Sera và cô \"em gái ngoài lãnh địa\" cũng hứa hẹn nhiều điều bất ngờ...!','Gosho Aoyama '),(11,2,'Tiêu Tiền Phải Đúng Cách','Tiêu Tiền Phải Đúng Cách',22000,'NXB Thanh Niên','Ở vương quốc Tai Xanh, mọi người đều không được đọc sách vì vua của vương quốc này không biết chữ và cấm mọi người đọc sách. Nhưng các cậu bé rất thích đọc, trong đó có Tom. Bố Tom có rất nhiều sách nên cứ mỗi buổi tối, hai bố con lại âm thầm đọc sách mà không ai biết. Sau đó Tom rủ các bạn đến nhà cậu đọc sách (với điều kiện không để ai biết).Rồi một hôm có một người ở vương quốc Kèn Đồng xuất hiện, nghe nói hắn có một phép thuật thần bí. Hắn ngang nhiên mở một hiệu sách ở thị trấn này. Mọi người đều khuyên nhủ nhưng hắn không nghe. Sau đó, Tom và các bạn đến hiệu sách của hắn mua sách, nhưng hắn bán rất đắt, thái độ kiêu ngạo. Rồi vài hôm sau, Tom không thấy bố và các bạn đâu. Cậu liền đi tìm và phát hiện điều đáng sợ trong hiệu sách. Tom đã dũng cảm cứu bố và các bạn ra khỏi hiệu sách kỳ quái. Tên chủ hiệu sách xấu xa cũng bị bắt. Vị vua của vương quốc Tai Xanh hối hận về việc làm của mình, trao ngôi báu cho em trai ngài. Từ đó, mọi người vương quốc Tai Xanh lại được đọc sách. Bố Tom mở một hiệu sách rất đẹp. Các bạn nhỏ có thể tự do đến đây đọc sách và mua sách. Tom vô cùng sung sướng và tự hào về điều này.','Nhiều Tác Giả '),(12,2,'Lớp Học Mật Ngữ','Lớp Học Mật Ngữ',18000,'Báo SVVN - Hoa Học Trò','Những bí mật động trời thời còn thò lò mũi xanh của 12 cung Hoàng Đạo!!Lớp học Mật Ngữ là dự án truyện tranh dành cho tuổi Tween do nhóm B.R.O là tác giả và là chủ sở hữu – dự án được kết hợp với báo thiên thần nhỏ của Hoa Học Trò – phát hành hàng tháng vào thứ 5 cuối mỗi tháng.','B.R.O '),(13,2,' Những Thói Quen Tốt','Tuyển Tập Truyện Về Mắt To - Những Thói Quen Tốt',45000,'NXB Thanh Niên','Tuyển tập truyện về mắt to với nhiều câu chuyện thú vị xoay quanh các chủ đề Những thói quen tốt, Những phẩm chất tốt, Những bài học vỡ lòng sẽ dần giúp trẻ biết yêu thương, chia sẻ, đoàn kết, học cách sống tự lập, hiếu thảo với ông bà cha mẹ, biết kính trên nhường dưới, giúp đỡ mọi người,...Tập truyện không chỉ bồi dưỡng tâm hồn, tính cách, phẩm chất đạo đức tốt đẹp cho các bé, mà còn nâng cao khả năng hiểu biết, trí tưởng tượng và tư duy của các em nhỏ. Đây là bộ sách không thể thiếu trong tủ sách của mọi gia đình!','Nhiều Tác Giả '),(14,2,'Chuyện Kể Trước Giờ Đi Ngủ','Tuyển Tập Truyện Về Mắt To - Chuyện Kể Trước Giờ Đi Ngủ',45000,'NXB Thanh Niên','Tuyển tập truyện về mắt to với nhiều câu chuyện thú vị xoay quanh các chủ đề Những thói quen tốt, Những phẩm chất tốt, Những bài học vỡ lòng sẽ dần giúp trẻ biết yêu thương, chia sẻ, đoàn kết, học cách sống tự lập, hiếu thảo với ông bà cha mẹ, biết kính trên nhường dưới, giúp đỡ mọi người,...Tập truyện không chỉ bồi dưỡng tâm hồn, tính cách, phẩm chất đạo đức tốt đẹp cho các bé, mà còn nâng cao khả năng hiểu biết, trí tưởng tượng và tư duy của các em nhỏ. Đây là bộ sách không thể thiếu trong tủ sách của mọi gia đình!','Nhiều Tác Giả '),(15,4,'A Beautiful Bad Girl','A Beautiful Bad Girl',82000,'NXB Thế giới','Một cuốn sách xinh đẹp để biến các cô gái trở nên quyến rũ, mạnh mẽ và kiêu hãnh hơn bao giờ hết!“Bad girl” đôi khi chỉ là những cô gái đã đi qua quá nhiều chông chênh đổ vỡ để rồi hiểu mình, yêu mình và thương mình.“Bad girl” đôi khi chỉ là những cô gái sống chậm hơn, sâu hơn, xù lông nhím để xây nên thế giới của riêng mình.“Bad girl” nội tâm nhưng mạnh mẽ, cô đơn nhưng kiên cường và luôn ngẩng cao đầu, kiêu hãnh, bước về phía trước.Từng mất mát và tổn thương, nhưng không hề gục ngã; Từng đi qua nỗi đau rồi bình thản bước tiếp, bình thản kể về nỗi đau đó và sống đầy mạnh mẽ.Đó là “bad girl” của “A beautiful bad girl”. Họ không phải những cô nàng hư hỏng, cũng tuyệt nhiên không phải những cô nàng cay nghiệt với cuộc đời. ...',' Thùy Chi '),(16,4,'Nấu Ăn Bằng Cả Trái Tim (Bìa Cứng)','Nấu Ăn Bằng Cả Trái Tim (Bìa Cứng)',270000,'NXB Trẻ','Miễn phí giao hàng toàn quốc cho Đơn hàng từ 250.000đ (Áp dụng từ 1/2/2015.','Christine Hà '),(17,1,'Hàn Quốc - Đi Về Phía Bình Minh','Gõ Cửa Tương Lai - Tập 3 Hàn Quốc - Đi Về Phía Bình Minh',70000,'Báo SVVN - Hoa Học Trò','Hàn Quốc không còn là cái tên xa lạ với giới trẻ Việt Nam khi làn sóng văn hóa Hàn Quốc (Hallyu) rắc những bột màu lấp lánh lên phim ảnh (K-Drama) và âm nhạc (K-Pop), làm say mê điên đảo toàn thế giới. Nhưng du học ở đất nước này vẫn còn là một “cánh cửa mới” so với du học Mỹ, châu Âu hay các nước châu Á khác. Cuốn sách Gõ Cửa Tương Lai - Tập 3: Hàn Quốc - Đi Về Phía Bình Minh sẽ dành tặng giới trẻ một cẩm nang mini về toàn bộ Hàn Quốc và “những điều chưa biết”.Chào buổi sáng - Hàn Quốc!Về mặt ngôn từ, tên Korea có nhiều ý nghĩa: “Mảnh đất của những buổi sáng thanh bình”, “Vùng đất của bình minh tươi sáng”, “Những giọt nước lấp lánh trên đồi cao”,… “Cao” và “sáng” là hai tính từ nổi bật mà nhắc đến Hàn Quốc, có thể nghĩ ngay đến một đất nước vươn mình phát triển đáng kinh ngạc chỉ trong chưa đầy 40 năm. Là một trong bốn “con rồng châu Á”, có nền kinh tế đứng thứ 13 thế giới, Hàn Quốc còn sở hữu một nền giải trí khổng lồ đáng mơ ước. \r\n\r\nBên cạnh Hallyu, Hàn Quốc cũng hội tụ vô vàn những câu chuyện và bài học lý thú. Mời bạn cùng chu du xứ sở kim chi qua từng trang sách, khám phá thêm những nét văn hóa, đời sống, du lịch, ẩm thực… độc đáo. Và đặc biệt nhất, tặng cho mình tấm vé trải nghiệm nền giáo dục của đất nước này....','Nhiều tác giả '),(18,1,'Đi Qua Thương Nhớ + Sống Một Cuộc Đời Bình Thường ','Đi Qua Thương Nhớ + Sống Một Cuộc Đời Bình Thường',12500,'NXB Hội Nhà Văn','- Phát Hành Dự Kiến 20/12/20151. Đi Qua Thương Nhớ Như tựa đề của cuốn sách, \"Đi qua thương nhớ\" mang hơi hướng của một câu chuyện kể: \"Có bao nhiêu người đã đi qua thương nhớ mà quên được nhau?\"Thơ Nguyễn Phong Việt là những lời thủ thỉ nhỏ nhẹ nhưng lại \"vỡ\" trong ta rất nhiều điều về cuộc sống bề bộn, nhiều hứng thú nhưng cũng không ít bất trắc này, như: \"Khi ta mỉm cười và nói - thật sự rất đau/ là riêng mình ta biết ta cần bắt đầu lại...\" ...2. Sống Một Cuộc Đời Bình Thường Cuộc đời đã làm gì để… phải viết một cuốn sách? Khi gõ những dòng chữ đầu tiên của cuốn sách, cảm giác bao giờ cũng háo hức và đầy tự tin vì biết rằng mình đang viết một câu chuyện (hoặc nhiều câu chuyện) mà mình đang có sẵn ở trong đầu. Thế nhưng, đến giữa cuốn sách sẽ bắt đầu cảm giác có vẻ như mình đang hoang mang, không biết những gì mình viết ra có thật sự có cảm xúc, có phải là thứ mình muốn viết, có phải là điều mà độc giả muốn đọc. Và đến trước thời điểm chuẩn bị kết thúc cuốn sách, mình sẽ hoảng sợ vì biết rằng cuối cùng cái giây phút ấy cũng đến - cái giây phút mình hoàn thành bản thảo cuốn sách và số phận nó từ đây không còn thuộc về mình nữa.Cuốn sách đầu tiên Đi qua thương nhớ‬ là một sự ngẫu nhiên, cuốn sách thứ 2 ‪Từ yêu đến thương‬ là một sự tiếp nối không thể nào khác, cuốn sách thứ 3 ‪Sinh ra để cô đơn‬ là một mong muốn được chia sẻ, và đến cuốn sách thứ 4 này ‪Sống Một Cuộc Đời Bình Thường‬ là những nặng nợ về ý tưởng mà nếu không đặt nó xuống trang viết mình sẽ mãi suy nghĩ về nó ngày này qua ngày khác…','Nguyễn Phong Việt '),(19,1,'Lịch block treo tường 2016','Lịch block treo tường 2016',0,'40MaNXB\r\n1\r\n2\r\n3\r\n4\r\n1\r\n5\r\n6\r\n7\r\n8\r\n2\r\n6\r\n3\r\n8\r\n7\r\n6\r\n5\r\n2\r\n3\r\n1\r\n6\r\n4\r\n4\r\n8\r\n6\r\n2\r\n1\r\n2\r\n5\r\n6\r\n7\r\n8\r\n5\r\n2\r\n1\r\n4\r\n5\r\n4\r\n2\r\n6\r\n8\r\n7\r\n2\r\n11\r\n10\r\n2\r\n7\r\n12\r\n12\r\n13\r\n1\r\n1\r\n1\r\n14\r\n14\r\n15\r\n15\r\n12\r\n12\r\n12\r\n12\r\n12\r\n','',''),(20,1,'Cuộc Đời Là Vô Thường','000064',43000,'12','... Cái tâm cảm thấy mình gần gũi với tất cả mọi chúng sinh như thế chính là tâm từ vô thượng. Một người có được tình yêu này đối với tất cả hữu tình không phân biệt, thì không phải là một người thường. Chắc chắn một con người như vậy đang nắm giữ những thực chứng nội tâm trong tâm thức họ. Khi một người nào có được thứ tình yêu này gặp hoặc nhìn thấy người khác, thì một cảm giác hạnh phúc hồn nhiên sinh khởi. Một người như thế không bao giờ sinh tâm giận dữ hay ganh tị, và do hậu quả của điều này, mọi người sẽ trở thành bạn của vị ấy, có niềm kính trọng lớn lao đối với vị ấy. Một người thực tập tâm từ thuần tịnh thì kết quả cũng sẽ có nội tâm rất an bình',''),(21,1,'Sketchup & Vray Trong Thiết Kế 1 Kiến Trúc','000001',85000,'1','<p>Nội dung s&aacute;ch bao gồm 2 phần - 17 b&agrave;i tập:&nbsp;2</p>',NULL),(22,1,'3DS Max-Thủ Thuật Render ','000002',75000,'2','Cuốn sách 3DS Max giới thiệu đến các bạn những kỹ năng sử dụng phần mềm hỗ trợ V-ray mới nhất đang được nhiều người trên thế giới quan tâm. ',NULL),(23,4,'Tự Học InDesign CS3','000003',55000,'3','InDesign CS3 là chương trình dàn trang rất hiện đại và tiện dụng dành cho việc trình bày sách, báo, tạp chí...',NULL),(24,1,'Đắc Nhân Tâm ','000004',60000,'4','Đắc nhân tâm – How to win friends and Influence People của Dale Carnegie là quyển sách nổi tiếng nhất, bán chạy nhất và có tầm ảnh hưởng nhất của mọi thời đại. ',NULL),(25,3,'Tự Học Photoshop CS5 Qua Hình Ảnh Minh Họa (Sách Kèm CD)','000005',62000,'1','Nhằm đáp ứng nhu cầu tự học Photoshop, một phần mềm xử lý ảnh ngày càng nhiều. Sách \" Tự Học Photoshop CS5 Qua Hình Ảnh Minh Họa\" được chia thành 11 chương kèm với hình ảnh minh họa và CD bài tập được kèm theo sách. ',NULL),(26,3,'180 Thủ Thuật Và Mẹo Hay Trong Flash CS4','000006',71000,'5','Adobe Flash Professional CS4 là phiên bản mới nhất của công cụ thiết kế Web đang rất thịnh hành hiện nay. ',NULL),(27,3,'Microsoft Office 2010 - Dành Cho Người Tự Học','000007',18000,'6','Trong lĩnh vực tin học văn phòng, Microsoft Word, Excel, PowerPoint, Visio là những chương trình thuộc bộ Microsoft Office đã và đang được ứng dụng rộng rãi trong nhiều lĩnh vực: kinh tế, kế toán, thương mại, quản lý, vẽ kỹ thuật và nhiều hơn nữa. Với Office 2010, bạn có trong tay đầy đủ các công cụ và lệnh để thực hiện các tiện ích trong diện toán văn phòng .',NULL),(28,3,'Tự học Microsoft Excel 2010','000008',37000,'7','Sách được chia thành 11 bài, từ căn bản đến nâng cao kèm theo CD bài tập thực hành nhằm giúp bạn học một cách nhanh chóng và dễ hiểu như:',NULL),(29,1,'C# Dành Cho Người Tự Học - Tập 1','000009',67000,'8','Sách được chia thành 11 bài, từ căn bản đến nâng cao kèm theo CD bài tập thực hành nhằm giúp bạn học một cách nhanh chóng và dễ hiểu như:',NULL),(30,1,'C# Dành Cho Người Tự Học - Tập 2','000010',69000,'2','Trong tập 2 này, các bạn sẽ tìm hiểu ứng dụng C# trong Windows Form qua 2 phần, mỗi phần là một bài tập lớn xây dựng lên ứng dụng Quản lý bán hàng và Quản lý tuyển sinh để bạn đọc hiểu rõ và khai thác có hiệu quả những công cụ và lệnh của C# đã trình bày trong tập 1.',NULL),(31,1,'Nghệ Thuật Sống An Lạc ','000014',69000,'6','\"Nghệ thuật sống An lạc là tuyển tập các bài giảng liên quan tới chủ đề nghệ thuật sống của Đức Nhiếp Chính Vương Khamtrul Rinpoche đời thứ IX Jigme Pema Nyinjadh . ',NULL),(32,1,'Lập Bản Đồ Tư Duy','000015',18000,'3','12',NULL),(33,1,'Đơn Giản Và Thuần Khiết','000016',18000,'8','13',NULL),(34,2,'Cách Sống - Từ Bình Thường Trở Nên Phi Thường','000017',18000,'7','14',NULL),(35,2,'Những Quy Luật Mới Trong Bán Lẻ','000018',18000,'6','Lập Bản Đồ Tư Duy - Công Cụ Tư Duy Tối Ưu Sẽ Làm Thay Đổi Cuộc Sống Của Bạn:',NULL),(36,2,'Lavina Và Hầu Tước Elswick (Cuộc Chạy Trốn Nữ Hoàng)','000019',75000,'5','Giới thiệu về nội dung Tác phẩm này là tổng hợp của nhiều bài Pháp được giảng từ những năm 1954 đến 1977 của Upasika Kee Nanayon. Mỗi phần có thể là một bài giảng ở một thời điểm khác nhau, vì thế khi tập hợp lại, điều này tạo cho chúng ta cảm tưởng của sự lặp đi lặp lại nhiều ý tưởng. Đó có thể là lý do khiến cho một số độc giả thiếu kiên nhẫn khi theo dõi, riêng đối với những người sơ cơ thì điều đó lại là một ân huệ. Ngoài ra văn phong của Upasika Kee Nanayon rất giản dị, chân tình. Đôi khi chúng ta sẽ có cảm giác như đang nghe những lời nhắc nhở, dạy dỗ của một người thầy, người mẹ, dầu hơi nghiêm khắc, nhưng luôn tràn đầy tâm từ bi, muốn cho người nghe, người đọc phải tinh tấn thêm lên, gấp rút thêm lên trên con đường tu học của mình.',NULL),(37,2,'Hành Vi Tổ Chức - Organizational Behavior','000020',75000,'2','Inamori Kazuo một doanh nhân hết sức thành đạt trong việc sáng lập và điều hành tập đoàn Kyocera lớn mạnh của Nhật Bản. ',NULL),(38,2,'17 Nguyên Tắc Vàng Trong Làm Việc Nhóm','000021',75000,'3','Ngành bán lẻ đang chứng kiến một sự thay đổi trọng đại. ',NULL),(39,4,'Essential Words For The IELTS (Kèm 1 Đĩa CD)','000022',75000,'1','Khi Hoàng tử Stanislaus của xứ Balkan yêu cầu có một cô dâu của Anh quốc, Nữ hoàng Victoria đã quyết định chọn tiểu thư Lavina gửi cho hắn. Gia đình nàng có quan hệ họ hàng xa với hoàng tộc.',NULL),(40,4,'Tiếng Hàn Trong Giao Tiếp Hàng Ngày','000023',75000,'6','Vũ trụ cũng không khó hiểu bằng hành động của con người. Marcel Proust Tiến sĩ Timothy A. Judge từng là giáo sư giảng dạy tại trường Đại Học Cornell và đại học Lowa. Ông nghiên cứu chuyên sâu vào các lĩnh vực liên quan đến sự khác biệt cá nhân, thuật lãnh đạo và ảnh hưởng hành vi con người...Ông đã được trao nhiều giải thưởng quan trọng như Emest J.McCormick Award, Larry L. Cummings Award...',NULL),(41,4,'80 Chiêu Thức Kinh Doanh Thành Công','000024',75000,'4','Khi trở thành thành viên của một nhóm nào đó thì vấn đề bạn cần băn khoăn không phải là “Có nên tham gia các hoạt động của nhóm không?” mà là “Những đóng góp của bạn có mang lại thành công cho nhóm không?” Các cá nhân không thể gắn kết với nhau là nguyên nhân làm tan rã nhóm. Một số người nghĩ rằng chìa khoá để thành công là nguyên tắc làm việc rõ ràng. Nhưng trên thực tế, có nhiều người rất siêng năng, khả năng làm việc độc lập rất tốt nhưng lại không thể làm việc cùng nhau để phát huy hết tiềm lực của họ. Thực chất, nhóm phải là nhóm những cá nhân luôn tương trợ, giúp đỡ lẫn nhau, tạo động lực cho nhau phát triển. Giữa các cá nhân phải có sự tương tác với nhau như một chuỗi phản ứng hoá học. Đó là cách thức để xây dựng nhóm của riêng bạn. ',NULL),(42,4,'Những Công Cụ Thiết Yếu','000025',48000,'4','Extensive practice in vocabulary building and correct English usage, with emphasis on 600 words that appear frequently on the IELTS.',NULL),(43,1,'Nàng Lọ Lem Và Đàn Chuột Mất Tích','000026',75000,'8','Extensive practice in vocabulary building and correct English usage, with emphasis on 600 words that appear frequently on the IELTS.',NULL),(44,1,'Công Chúa Aurora Và Chú Rồng Nhỏ','000027',48000,'6','Làm sao để nắm bắt và khai thác cơ hội kinh doanh hiệu quả nhất, doanh số tăng, lợi nhuận cao nhưng chi phí giảm? Làm sao để tạo được ấn tượng trong trí nhớ khách hàng? Làm sao để thị trường công nhận rằng bạn cung cấp các sản phẩm tốt nhất, có dịch vụ hậu mãi hoàn hảo nhất? Làm sao để tạo nên một tập thể nhân viên làm việc tích cực và sáng tạo?... Những câu hỏi đó luôn làm trăn trở các nhà quản trị doanh nghiệp, và bí mật sẽ được tiết lộ trong cuốn sách này',NULL),(45,1,'3ds Max 2009 ','000028',48000,'2','Một cuốn sách nghiêm túc thiết thực, sự giới thiệu tuyệt vời về phát triển kỹ thuật. Chen mang lại cho những người mới bắt đầu những ví dụ rõ ràng về các phương pháp và kinh tế, từ đó người đọc có thể chọn ra một hướng chuyên môn hóa',NULL),(46,1,'Công Nghệ Mạng Máy Tính','000029',48000,'1','Những chú chuột nhỏ đã trải qua một đêm lạnh cóng trên gác mái của lâu đài, chúng tìm vào phòng Lọ Lem mong được sưởi ấm. ',NULL),(47,4,'Tính Toán Thiết Kế Kết Cấu Với SAP 14','000030',48000,'2','Hãy thử tưởng tượng xem mình sẽ làm gì nếu kết bạn với một chú rồng nhỏ? Chắc chắn sẽ có những điều rất thú vị phải không? Vậy công chúa Aurora đã làm những gì khi tình cờ gặp chú rồng nhỏ trên đường đi dạo cùng hoàng tử ?',NULL),(48,1,'Revit Architecture 2011 Từ A Đến Z - Tập 2','000031',48000,'5','Bộ sách “Dựng Các Mô Hình Kiến Trúc Phức Tạp Và Mô Phỏng Nội Thất - Ngoại Thất 3D” được biên soạn nhằm mục đích hướng dẫn những bạn đọc yêu thích đồ họa 3D thực hiện dễ dàng với chương trình 3ds Max 2009 Pro. Đây là chương trình có nhiều tính năng thiết kế 3D tuyệt vời mà bạn có thể ứng dụng trong kiến trúc xây dựng và trang trí nội ngoại thất.',NULL),(49,3,'CoreIDraw X5 - Dành Cho Người Tự Học','000032',48000,'6','Cuốn sách gồm các nội dung chính sau:',NULL),(50,3,'Chế Bản Điện Tử Với Ilustrator CS5','000033',15000,'7','Extensive practice in vocabulary building and correct English usage, with emphasis on 600 words that appear frequently on the IELTS.',NULL),(51,3,'Cẩm Nang Tin Học Văn Phòng','000034',15000,'8','Revit Architecture 2011 từ A đến Z (Tập 2) là 1 trong những chuyên đề thuộc họ sách CAD trong kiến trúc-xây dựng do nhà sách STK biên soạn dùng làm tài liệu tham khảo, chủ yếu là thực hành hướng dẫn sử dụng chương trình Revit Architecture đã và đang sử dụng rộng rãi trong các trường Cao đẳng, Đại học khối công nghệ chuyên ngành, cũng như tại các văn phòng thiết kế. Nó cung cấp cho học sinh, sinh viên, giáo viên, kiến trúc sư, họa viên những kiến thức và kỹ năng cơ bản nhất về ứng dụng CAD trong thiết kế kiến trúc.',NULL),(52,3,'Xử Lý Ảnh Photoshop CS5 ','000035',15000,'5','Coreldraw X5 dành cho người tự học được biên soạn cho người mới bắt đầu sử dụng coreldraw trong thiết kế, học tập và nhiều hơn nữa. Quyển sách này được minh họa bằng hình ảnh cả lý thuyết lẫn thực hành sẽ giúp bạn dễ dàng tìm hiểu và khám phá các đặc tính của Coreldraw x5 để ứng dụng trong công việc thực tế và hiệu quả nhất.',NULL),(53,1,'71 Kỹ Thuật  Windows Vista Pro','000036',74000,'2','Sách cần thiết cho học sinh, sinh viên, những bạn đã biết hoặc chua từng tiếp xúc với chương trình Illustrator cũng như các giáo viên dạy thực hành tại các trung tâm chuyên đồ họa, multimedia, mỹ thuật công nghiệp ...',NULL),(54,1,'Hướng Dẫn Học Excel 2010 ','000037',15000,'1','Với những tiến bộ của khoa học kỹ thuật, máy vi tính ra đời và được sử dụng trong khắp các văn phòng, công sở, gia đình... đã trở thành công cụ không thể thiếu đối với mỗi người',NULL),(55,1,'SQL Server 2005','000038',74000,'4','Bộ sách được chia làm nhiều chuyên đề đi sâu vào từng tính năng quan trọng của Photoshop. Chuyên đề đâu tiên này sẽ tập trung trình bày cách tạo vùng chọn. Đây là phần cơ bản nhưng rất quan trọng sách khi sử dụng Photoshop. ',NULL),(56,1,'Lập Trình Web Bằng ASP.Net','000039',74000,'5','71 Kỹ Thuật Thâm Nhập Windows Vista Pro:',NULL),(57,1,'Tạo Website Hướng Database Bằng PHP Và MYSQL - Tập 2','000040',74000,'4','Nội dung sách trình bày những kiến thức không quá sâu, nhằm phục vụ cho những người mới bắt đầu làm quen với điện toán văn phòng, đồng thời là tài liệu tham khảo để giảng dạy liên quan đến chương trình Excel.',NULL),(58,2,'Tạo Bản Thuyết Trình Trong Microsoft Office PowerPoint 2007 For Windows','000041',74000,'2','Giáo trình bao gồm 10 chương và phần phụ lục tham khảo được nhấn mạnh xuyên suốt từ giao diện, hàm, phát biểu SQL động, phát biểu SQL phức tạp, phát biểu điều khiển, thủ tục nội tại, trigger, giúp cho bạn sử dụng chúng trong ứng dụng kế toán cùng với sự kết hợp hoàn hảo bằng ngôn ngữ lập trình C# 2005.',NULL),(59,2,'Shambhala - Vùng Đất Tây Tạng Huyền Bí','000042',74000,'6','ASP.NET khác biệt rất nhiều so với các công nghệ Web đi trước. Macromedia Dreamweaver MX tuy vẫn duy trì sức mạnh của công cụ thiết kế trang nhã, nhưng đã chuyển từ công nghệ cổ điển sang ASP.NET bằng cách cung cấp nhiều công cụ đơn giản bớt quá trình tự động hoá ứng dụng Web. Nhờ kết hợp sức mạnh của ASP.NET với Dreamweaver, các nhà phát triển sẽ nắm bắt được ASP.NET chỉ trong nháy mắt.',NULL),(60,2,'Sức Mạnh Của Đạo Phật ','000043',74000,'8','Nội dung là yếu tố quyết định tất cả! Ừm… nghe thì hơi “kêu” thật, nhưng không thể nào đúng hơn. Chỉ cần nắm vững HTML và học thêm vài bí quyết cơ bản về JavaScript và Dynamic HTML là ta đã có thể thiết kế một Website đầy ấn tượng được rồi. Nhưng muốn thu hút một lượng fan đông đảo thì nội dung của Website phải mới mẻ và liên tục được cập nhật. Trong thiết kế Web truyền thống, nội dung được quyết định bở tập tin HTML…',NULL),(61,2,'Điều Trị Bệnh Tận Gốc','000044',74000,'7','Tạo bản thuyết trình trong Microsoft Office PowerPoint 2007 for Windows mang lại cho bạn phương pháp nghiên cứu công nghệ mới độc đáo nhất từ trước đến nay. Thay vì làm nản lòng độc giả bằng những giải thích dông dài mang nặng tính lý thuyết, tập sách sử dụng hình ảnh minh họa đi kèm hướng dẫn cụ thể hầu giúp bạn hoàn thành dự án chỉ trong nháy mắt',NULL),(62,2,'Nhập Môn Windows Vista Tập 1','000045',32000,'2','Tu viện Tashilumbo thuộc thành phố Phật giáo Shigatze, nằm ở miền Tây của Tây Tạng. Nơi đây, gió thường thổi xuyên qua các hành lang rải đầy đá, để lại những luồng không khí mát rượu giữa cái nóng dịu nhẹ của buổi chiều tà. Vào thời khắc này, người ta thường cảm thấy trào dâng niềm cảm xúc động khi ngắm nhìn những tia sáng chói lòa chiếu rọi qua cao nguyên Himalaya. Cảm xúc ấy càng trở nên mãnh liệt hơn khi mặt trời dần khuất bóng.Shambhala là bản kinh cổ xưa viết bằng tay, được lưu giữ tại Tu viện Tashilumbo. Kinh Shambhala miêu tả những noi như \"Hồ Độc Dược\", \"Hồ Ác Quỷ\" và cả hiện tượng quầng cực quang ở dãy núi Himalaya, khi \"Một trăm ngọn núi cùng phát sáng sau khi màn đêm buông xuống\". Tất cả những nơi này đều có thực. Chúng nằm ở Ngari, một vùng xa xôi hẻo lánh ở cực tây của Tây Tạng.Ở một góc độ khác, bản kinh không chỉ đơn thuần là một cuốn sách dẫn đường theo nghĩa đen nữa, nó còn có thể là một tấm bản đồ chỉ dẫn thiền định cho mỗi cá nhân trên con đường khám phá nội tâm của chính mình. Ở góc độ này, Kinh Shambhala mang ý nghĩa phức tạp hơn. Nó dạy chúng ta cách khống chế những năng lượng tiêu cực và chuyển hóa chúng thành năng lượng tiêu cực và chuyển hóa chúng thành năng lượng tích cực....',NULL),(63,4,'Hành Trình Tâm Linh Siêu Việt','000046',32000,'11','Nói đến Đạo Phật là nói đến giác ngộ, chủ trương của Đạo Phật là giác ngộ. Đạo Phật có mặt trên thế giới đến nay là 2556 năm (tính đến thời điểm hiện tại năm 2008). ',NULL),(64,4,'Nhìn Lại Quá Khứ & Nhận Biết Tương Lai','000047',32000,'10','Điều trị bệnh tận gốc không chỉ là một cuốn sách với những lời cầu nguyện cho bệnh tật cơ thể được giảm bớt. Nội dung của cuốn sách này còn chứa đựng nhiều hơn thế nữa. Các phần lý thuyết và thực hành chứa đựng trong sách này có tác dụng dẫn dắt tâm chúng ta đến chỗ thấu hiểu sâu xa hơn về sự sống và cái chết, về vô thường và khổ đau. Sự thấu hiểu sâu sắc như thế sẽ cho phép chúng ta bắt đầu nhìn ngắm cơn đau và bệnh tật bằng một tầm nhìn bao quát hơn. Với tầm nhìn này thì khái niệm về nghiệp quả, về tái sinh và về phẩm chất của sự tái sinh, tát cả những khái niệm đó sẽ mang những ý nghĩa mới có năng lực làm dịu cơn đau và chữa lành tận gốc các căn bệnh của chúng ta',NULL),(65,4,'Tỉnh Thức','000048',32000,'2','Nhập Môn Windows Vista - Tập 1 gồm những nôi dung sau:',NULL),(66,4,'13 Nguyên Tắc Nghĩ Giàu, Làm Giàu','000049',32000,'7','Một cuốn sách của tác giả Gyalwang Drukpa, một bậc thầy về tâm linh, người đang dẫn dắt dòng truyền thừa Drukpa, một dòng truyền thừa với những hành giả thực hành tâm linh trải khắp Ấn Độ và các nước tại Châu Á, Châu Âu và Châu Mỹ. ',NULL),(67,1,'Đạo Kỷ Nguyên Mới','000050',32000,'12','Nỗi hoang mang bối rối của con người về nghiệp không khiến bà ngạc nhiên. Hỏi mười người ý nghĩa của từ này, bạn sẽ nhận được mười câu trả lời khác nhau. ',NULL),(68,1,'Sức mạnh của lòng từ','000051',32000,'12','Con người còn luôn mãi khổ đau một khi chưa tỉnh thức.',NULL),(69,1,'Con Đường Mây Trắng','000052',32000,'13','Think and Grow Rich - 13 nguyên tắc nghĩ giàu, làm giàu là cuốn sách \"chỉ dẫn\" duy nhất chỉ ra những nguồn lực bạn phải có để thành công. Cuốn sách sẽ giúp bạn trở nên giàu có, làm giàu thêm cho cuộc sống của bạn trên tất cả các phương diện của cuộc sống chứ không chỉ về tài chính và vật chất. Những ý tưởng trong sách \"Think and Grow Rich - 13 nguyên tắc nghĩ giàu, làm giàu\" bắt nguồn từ những động lực tốt đẹp: \"Thành công cá nhân\" và \"Quan điểm suy nghĩ tích cực\".',NULL),(70,1,'Đức Đạt Lai Lạt Ma Tại Harvard','000053',43000,'1','Think and Grow Rich - 13 nguyên tắc nghĩ giàu, làm giàu là cuốn sách \"chỉ dẫn\" duy nhất chỉ ra những nguồn lực bạn phải có để thành công. Cuốn sách sẽ giúp bạn trở nên giàu có, làm giàu thêm cho cuộc sống của bạn trên tất cả các phương diện của cuộc sống chứ không chỉ về tài chính và vật chất. Những ý tưởng trong sách \"Think and Grow Rich - 13 nguyên tắc nghĩ giàu, làm giàu\" bắt nguồn từ những động lực tốt đẹp: \"Thành công cá nhân\" và \"Quan điểm suy nghĩ tích cực\".',NULL),(71,4,'Những Con Đường Của Ánh Sáng - Tập 1','000054',43000,'1','Từ ngày 11 đến ngày 11 tháng 6 năm 2008 này, Đức Đạt Lai Lạt Ma sẽ viếng thăm Úc Châu, đây là chuyến thăm Úc lần thứ năm của Ngài để giảng dạy Phật Pháp. Mọi người đang trông đợi sự xuất hiện của ngài.',NULL),(72,1,'Những Con Đường Của Ánh Sáng - Tập 2','000055',43000,'1','Trong thế kỷ hai muơi này, phương Tây có hai người tìm hiểu đất nước Tây Tạng rất sâu sắc, đó là bà Alexandra David Nesel và ông Anagarika Govinda. Cả hai vị này đã từng sống nhiều năm tại tây Tạng, từng tu tập thiền định và đi khắp nơi trong xứ sở huyền bí này hơn bất cứ người nước ngoài nào khác. Có thế nói họ hiểu tây Tạng với tất cả những khía cạnh tâm linh, tâm lý, địa lý nhiều hơn cả phần đông người tây Tạng.',NULL),(73,1,'Cái Vô Hạn Trong Lòng Bàn Tay','000056',43000,'14','Đức Đạt lai Lạt ma tại Harvard là một loạt bài thuyết giảng tại Đại Học Harvard do Viện nghiên cứu Phật học Hoa Kỳ (AIRS) và Trung tâm nghiên cứu các tôn giáo bảo trợ. Các bài thuyết giảng của Đức Đạt-lai-Lạt-ma, chủ yếu do giáo sư Robert Thurman sắp xếp, đã được thực hiện tại Giảng đường Emerson trong khuôn viên của Havard.',NULL),(74,1,'Nghệ Thuật Thiền Định','000057',43000,'14','Những Con Đường Của Ánh Sáng - Tập 1: Vật Lý Siêu Hình Học Của Ánh Sáng Và Bóng Tối (Tái Bản)',NULL),(75,2,'Bàn Về Hạnh Phúc','000058',43000,'15','Những con đường của ánh sáng được coi là bản sử thi về cuộc hành trình của con người đi vào vương quốc ánh sáng và giải mã những bí mật của nó. Và trong cuốn sách này tác giả đã thảo luận về ánh sáng, và liên qua tới nó là bóng tối, trên nhiều phương diện bao gồm tầm quan trọng của nó đối với sự sống, đối với khoa học, sự diễn giải ánh sáng của bộ não, nghệ thuật của các họa sĩ thuộc trường phái ấn tượng, việc sử dụng ánh sáng trong kiến trúc và các khía cạnh tâm linh của ánh sáng....',NULL),(76,2,'Lượng tử hoa và sen','000059',43000,'15','Cái Vô Hạn Trong Lòng Bàn Tay (Từ Big Bang Đến Giác Ngộ):',NULL),(77,2,'Đối Thoại Giữa Triết Học Và Phật Giáo','000060',43000,'12','Nếu như học thiền là một con đường mà các bậc cao minh nhất đã theo đuổi trong suốt cuộc đời thì thực hành thiền trong cuộc sống hằng ngày sẽ làm thay đổi cách nhìn của chúng ta về chính bản thân mình và thế giới. Đó là thông điệp mà cuốn sách Nghệ thuật thiền định muốn gửi đến chúng ta. Cuốn sách vừa như người dẵn dắt cụ thể cho chúng ta cách thực hành thiền.',NULL),(78,2,'Phật giáo truyền thống Đại Thừa','000061',43000,'12','Tất cả chúng ta đều khát khao hạnh phúc, song làm cách nào để có được, giữ gìn nó và thậm chí để định nghĩa nó? Trước câu hỏi mang đầy tính triết lý đang bị giằng xé giữa chủ nghĩa bi quan và thái độ giễu cợt trong tư tưởng phương Tây này, Matthieu Ricard đã mang lại lời giải đáp của đạo Phật: một câu trả lời rất khắt khe, song làm chúng ta yên lòng, lạc quan và ai cũng có thể chấp nhận được.',NULL),(79,1,'Tình Yêu Phổ Quát','000062',43000,'12','Lưỡng Tử và Hoa Sen là sự khai phá mở rộng tri thức, tầm nhìn về những tương đương thú vị giữa tư tưởng sắc sảo về vật lý học và Phật giáo - một cuộc trò chuyện mà bất kỳ ai có suy nghĩ đều thích thú dù chỉ tình cờ nghe thấy.','null'),(80,1,'test','ádsa',11111111,'nxb tn','ádsadsa','Thiện nghuyễn'),(81,1,'test','ádsa',11111111,'nxb tn','ádsadsa','Thiện nghuyễn'),(82,1,'test','ádsa',11111111,'nxb tn','ádsadsa','Thiện nghuyễn'),(83,1,'test','ádsa',11111111,'nxb tn','ádsadsa','Thiện nghuyễn'),(84,1,'ádđ','a',2222,'aaaaaaaa','aaa','aaaaaa'),(85,1,'sd','33',333333,'33','44444','333'),(89,12,'>NET','111',111000,'NXB IT','Học lập trình ASP.NET','Thiện Nguyễn');
/*!40000 ALTER TABLE `sach` ENABLE KEYS */;
UNLOCK TABLES;

--
-- Table structure for table `tacgia`
--

DROP TABLE IF EXISTS `tacgia`;
/*!40101 SET @saved_cs_client     = @@character_set_client */;
/*!40101 SET character_set_client = utf8 */;
CREATE TABLE `tacgia` (
  `ma_tac_gia` int(11) NOT NULL DEFAULT '0',
  `ten_tac_gia` varchar(255) COLLATE utf8_unicode_ci DEFAULT NULL,
  `dia_chi` varchar(255) COLLATE utf8_unicode_ci DEFAULT NULL,
  `tieu_su` varchar(10000) COLLATE utf8_unicode_ci DEFAULT '',
  `dien_thoai` varchar(255) COLLATE utf8_unicode_ci DEFAULT NULL,
  PRIMARY KEY (`ma_tac_gia`)
) ENGINE=InnoDB DEFAULT CHARSET=utf8 COLLATE=utf8_unicode_ci;
/*!40101 SET character_set_client = @saved_cs_client */;

--
-- Dumping data for table `tacgia`
--

LOCK TABLES `tacgia` WRITE;
/*!40000 ALTER TABLE `tacgia` DISABLE KEYS */;
INSERT INTO `tacgia` VALUES (1,'Tenzin Gyatso - Đức Đạt Lai Lạt Ma 14','179 Chánh Hưng F.4 Q.8 Tp.HCM','Tenzin Gyatso, nói đủ là Jetsun Jamphel Ngawang Lobsang Yeshe Tenzin Gyatso, là pháp hiệu của Đức Đạt Lai Lạt Ma thứ 14 là vị đạo sư lãnh đạo tinh thần của người dân Tây Tạng và nhiều đạo tràng Phật Giáo trên thế giới. Đức Đạt Lai Lạt Ma là tước hiệu của vua Mông Cổ Altan Khan ban cho Lạt ma Sonam Gyatso vào năm 1578. Từ đó, “Đức Đạt Lai Lạt Ma” trở thành danh xưng cho vị Lạt ma cao nhất trong truyền thống Phật giáo Gelug (Mũ Vàng). Đạt Lai Lạt Ma (Dalai Lama) nghĩa là \"Người bảo vệ đức tin\" (Defender of the Faith), \"Biển lớn của trí tuệ\" (Ocean of Wisdom), \"Vua của Chánh Pháp\" (King of Dharma), “Viên bảo châu như ý” (Wishfulfilling Gem), “Hoa sen trắng” (White lotus) và Hóa thân Quan Âm (Kuan Yin Boddhisattva).','123456789'),(2,'Trịnh Xuân Thuận','179 Chánh Hưng F.4 Q.8 Tp.HCM','Trịnh Xuân Thuận (1948- ) là một khoa học gia người Mỹ gốc Việt trong lĩnh vực vật lý thiên văn, là một nhà văn đã viết nhiều quyển sách có giá trị cao về vũ trụ học và về những suy nghĩ của ông trong tương quan giữa khoa học và Phật giáo. Ông còn là một nhà thơ, một triết gia, một Phật tử và một nhà hoạt động cho môi trường và hòa bình. Ông đã nhận lãnh nhiều giải thưởng trong lĩnh vực thiên văn và trong lĩnh vực văn hoá xã hội.','123456789'),(3,'Matthieu Ricard','179 Chánh Hưng F.4 Q.8 Tp.HCM','Matthieu-Ricard','123456789'),(4,'Kyabje Khamtrul Rinpoche','179 Chánh Hưng F.4 Q.8 Tp.HCM','Kyabje-Khamtrul-Rinpoche','123456789'),(5,'Đức Pháp Vương GYALWANG DRUKPA XII','179 Chánh Hưng F.4 Q.8 Tp.HCM','Kyabje-Khamtrul-Rinpoche','123456789'),(6,'Nguyên Phong','179 Chánh Hưng F.4 Q.8 Tp.HCM','Kyabje-Khamtrul-Rinpoche','123456789'),(7,'Lama Zopa Rinpoche','179 Chánh Hưng F.4 Q.8 Tp.HCM','Kyabje-Khamtrul-Rinpoche','123456789'),(8,'Lama Anagarika Govinda','179 Chánh Hưng F.4 Q.8 Tp.HCM','Kyabje-Khamtrul-Rinpoche','123456789'),(9,'Ni sư Thích Nữ Trí Hải','179 Chánh Hưng F.4 Q.8 Tp.HCM','Phó viện trưởng viện Nghiên cứu Phật học Việt Nam','123456789'),(10,'Ngọc Bích','179 Chánh Hưng F.4 Q.8 Tp.HCM','Kyabje-Khamtrul-Rinpoche','123456789'),(11,'Quỳnh Nga','179 Chánh Hưng F.4 Q.8 Tp.HCM','Kyabje-Khamtrul-Rinpoche','123456789'),(12,'Edward Peppitt','179 Chánh Hưng F.4 Q.8 Tp.HCM','Kyabje-Khamtrul-Rinpoche','123456789'),(13,'Nhân Văn','179 Chánh Hưng F.4 Q.8 Tp.HCM','Kyabje-Khamtrul-Rinpoche','123456789'),(14,'Blair T.Spalding','179 Chánh Hưng F.4 Q.8 Tp.HCM','Kyabje-Khamtrul-Rinpoche','123456789'),(15,'FPT Polytechnic','179 Chánh Hưng F.4 Q.8 Tp.HCM','Kyabje-Khamtrul-Rinpoche','123456789'),(16,'Upasika Kee Nanayon','179 Chánh Hưng F.4 Q.8 Tp.HCM','Tenzin Gyatso, nói đủ là Jetsun Jamphel Ngawang Lobsang Yeshe Tenzin Gyatso, là pháp hiệu của Đức Đạt Lai Lạt Ma thứ 14 là vị đạo sư lãnh đạo tinh thần của người dân Tây Tạng và nhiều đạo tràng Phật Giáo trên thế giới. Đức Đạt Lai Lạt Ma là tước hiệu của vua Mông Cổ Altan Khan ban cho Lạt ma Sonam Gyatso vào năm 1578. Từ đó, “Đức Đạt Lai Lạt Ma” trở thành danh xưng cho vị Lạt ma cao nhất trong truyền thống Phật giáo Gelug (Mũ Vàng). Đạt Lai Lạt Ma (Dalai Lama) nghĩa là \"Người bảo vệ đức tin\" (Defender of the Faith), \"Biển lớn của trí tuệ\" (Ocean of Wisdom), \"Vua của Chánh Pháp\" (King of Dharma), “Viên bảo châu như ý” (Wishfulfilling Gem), “Hoa sen trắng” (White lotus) và Hóa thân Quan Âm (Kuan Yin Boddhisattva).','123456789'),(17,'Inamori Kazuo','179 Chánh Hưng F.4 Q.8 Tp.HCM','Tenzin Gyatso, nói đủ là Jetsun Jamphel Ngawang Lobsang Yeshe Tenzin Gyatso, là pháp hiệu của Đức Đạt Lai Lạt Ma thứ 14 là vị đạo sư lãnh đạo tinh thần của người dân Tây Tạng và nhiều đạo tràng Phật Giáo trên thế giới. Đức Đạt Lai Lạt Ma là tước hiệu của vua Mông Cổ Altan Khan ban cho Lạt ma Sonam Gyatso vào năm 1578. Từ đó, “Đức Đạt Lai Lạt Ma” trở thành danh xưng cho vị Lạt ma cao nhất trong truyền thống Phật giáo Gelug (Mũ Vàng). Đạt Lai Lạt Ma (Dalai Lama) nghĩa là \"Người bảo vệ đức tin\" (Defender of the Faith), \"Biển lớn của trí tuệ\" (Ocean of Wisdom), \"Vua của Chánh Pháp\" (King of Dharma), “Viên bảo châu như ý” (Wishfulfilling Gem), “Hoa sen trắng” (White lotus) và Hóa thân Quan Âm (Kuan Yin Boddhisattva).','123456789'),(18,'Robin Lewis','179 Chánh Hưng F.4 Q.8 Tp.HCM','Tenzin Gyatso, nói đủ là Jetsun Jamphel Ngawang Lobsang Yeshe Tenzin Gyatso, là pháp hiệu của Đức Đạt Lai Lạt Ma thứ 14 là vị đạo sư lãnh đạo tinh thần của người dân Tây Tạng và nhiều đạo tràng Phật Giáo trên thế giới. Đức Đạt Lai Lạt Ma là tước hiệu của vua Mông Cổ Altan Khan ban cho Lạt ma Sonam Gyatso vào năm 1578. Từ đó, “Đức Đạt Lai Lạt Ma” trở thành danh xưng cho vị Lạt ma cao nhất trong truyền thống Phật giáo Gelug (Mũ Vàng). Đạt Lai Lạt Ma (Dalai Lama) nghĩa là \"Người bảo vệ đức tin\" (Defender of the Faith), \"Biển lớn của trí tuệ\" (Ocean of Wisdom), \"Vua của Chánh Pháp\" (King of Dharma), “Viên bảo châu như ý” (Wishfulfilling Gem), “Hoa sen trắng” (White lotus) và Hóa thân Quan Âm (Kuan Yin Boddhisattva).','123456789'),(19,'Michael Dart','179 Chánh Hưng F.4 Q.8 Tp.HCM','Tenzin Gyatso, nói đủ là Jetsun Jamphel Ngawang Lobsang Yeshe Tenzin Gyatso, là pháp hiệu của Đức Đạt Lai Lạt Ma thứ 14 là vị đạo sư lãnh đạo tinh thần của người dân Tây Tạng và nhiều đạo tràng Phật Giáo trên thế giới. Đức Đạt Lai Lạt Ma là tước hiệu của vua Mông Cổ Altan Khan ban cho Lạt ma Sonam Gyatso vào năm 1578. Từ đó, “Đức Đạt Lai Lạt Ma” trở thành danh xưng cho vị Lạt ma cao nhất trong truyền thống Phật giáo Gelug (Mũ Vàng). Đạt Lai Lạt Ma (Dalai Lama) nghĩa là \"Người bảo vệ đức tin\" (Defender of the Faith), \"Biển lớn của trí tuệ\" (Ocean of Wisdom), \"Vua của Chánh Pháp\" (King of Dharma), “Viên bảo châu như ý” (Wishfulfilling Gem), “Hoa sen trắng” (White lotus) và Hóa thân Quan Âm (Kuan Yin Boddhisattva).','123456789'),(20,'Mary T.Browne','179 Chánh Hưng F.4 Q.8 Tp.HCM','Tenzin Gyatso, nói đủ là Jetsun Jamphel Ngawang Lobsang Yeshe Tenzin Gyatso, là pháp hiệu của Đức Đạt Lai Lạt Ma thứ 14 là vị đạo sư lãnh đạo tinh thần của người dân Tây Tạng và nhiều đạo tràng Phật Giáo trên thế giới. Đức Đạt Lai Lạt Ma là tước hiệu của vua Mông Cổ Altan Khan ban cho Lạt ma Sonam Gyatso vào năm 1578. Từ đó, “Đức Đạt Lai Lạt Ma” trở thành danh xưng cho vị Lạt ma cao nhất trong truyền thống Phật giáo Gelug (Mũ Vàng). Đạt Lai Lạt Ma (Dalai Lama) nghĩa là \"Người bảo vệ đức tin\" (Defender of the Faith), \"Biển lớn của trí tuệ\" (Ocean of Wisdom), \"Vua của Chánh Pháp\" (King of Dharma), “Viên bảo châu như ý” (Wishfulfilling Gem), “Hoa sen trắng” (White lotus) và Hóa thân Quan Âm (Kuan Yin Boddhisattva).','123456789'),(21,'Minh Đức','179 Chánh Hưng F.4 Q.8 Tp.HCM','Tenzin Gyatso, nói đủ là Jetsun Jamphel Ngawang Lobsang Yeshe Tenzin Gyatso, là pháp hiệu của Đức Đạt Lai Lạt Ma thứ 14 là vị đạo sư lãnh đạo tinh thần của người dân Tây Tạng và nhiều đạo tràng Phật Giáo trên thế giới. Đức Đạt Lai Lạt Ma là tước hiệu của vua Mông Cổ Altan Khan ban cho Lạt ma Sonam Gyatso vào năm 1578. Từ đó, “Đức Đạt Lai Lạt Ma” trở thành danh xưng cho vị Lạt ma cao nhất trong truyền thống Phật giáo Gelug (Mũ Vàng). Đạt Lai Lạt Ma (Dalai Lama) nghĩa là \"Người bảo vệ đức tin\" (Defender of the Faith), \"Biển lớn của trí tuệ\" (Ocean of Wisdom), \"Vua của Chánh Pháp\" (King of Dharma), “Viên bảo châu như ý” (Wishfulfilling Gem), “Hoa sen trắng” (White lotus) và Hóa thân Quan Âm (Kuan Yin Boddhisattva).','123456789'),(22,'John C.Maxwell','179 Chánh Hưng F.4 Q.8 Tp.HCM','Tenzin Gyatso, nói đủ là Jetsun Jamphel Ngawang Lobsang Yeshe Tenzin Gyatso, là pháp hiệu của Đức Đạt Lai Lạt Ma thứ 14 là vị đạo sư lãnh đạo tinh thần của người dân Tây Tạng và nhiều đạo tràng Phật Giáo trên thế giới. Đức Đạt Lai Lạt Ma là tước hiệu của vua Mông Cổ Altan Khan ban cho Lạt ma Sonam Gyatso vào năm 1578. Từ đó, “Đức Đạt Lai Lạt Ma” trở thành danh xưng cho vị Lạt ma cao nhất trong truyền thống Phật giáo Gelug (Mũ Vàng). Đạt Lai Lạt Ma (Dalai Lama) nghĩa là \"Người bảo vệ đức tin\" (Defender of the Faith), \"Biển lớn của trí tuệ\" (Ocean of Wisdom), \"Vua của Chánh Pháp\" (King of Dharma), “Viên bảo châu như ý” (Wishfulfilling Gem), “Hoa sen trắng” (White lotus) và Hóa thân Quan Âm (Kuan Yin Boddhisattva).','123456789'),(23,'Dr. Lin Lougheed, Ed.D','179 Chánh Hưng F.4 Q.8 Tp.HCM','Tenzin Gyatso, nói đủ là Jetsun Jamphel Ngawang Lobsang Yeshe Tenzin Gyatso, là pháp hiệu của Đức Đạt Lai Lạt Ma thứ 14 là vị đạo sư lãnh đạo tinh thần của người dân Tây Tạng và nhiều đạo tràng Phật Giáo trên thế giới. Đức Đạt Lai Lạt Ma là tước hiệu của vua Mông Cổ Altan Khan ban cho Lạt ma Sonam Gyatso vào năm 1578. Từ đó, “Đức Đạt Lai Lạt Ma” trở thành danh xưng cho vị Lạt ma cao nhất trong truyền thống Phật giáo Gelug (Mũ Vàng). Đạt Lai Lạt Ma (Dalai Lama) nghĩa là \"Người bảo vệ đức tin\" (Defender of the Faith), \"Biển lớn của trí tuệ\" (Ocean of Wisdom), \"Vua của Chánh Pháp\" (King of Dharma), “Viên bảo châu như ý” (Wishfulfilling Gem), “Hoa sen trắng” (White lotus) và Hóa thân Quan Âm (Kuan Yin Boddhisattva).','123456789'),(24,'Đổ Thái Hòa','179 Chánh Hưng F.4 Q.8 Tp.HCM','Tenzin Gyatso, nói đủ là Jetsun Jamphel Ngawang Lobsang Yeshe Tenzin Gyatso, là pháp hiệu của Đức Đạt Lai Lạt Ma thứ 14 là vị đạo sư lãnh đạo tinh thần của người dân Tây Tạng và nhiều đạo tràng Phật Giáo trên thế giới. Đức Đạt Lai Lạt Ma là tước hiệu của vua Mông Cổ Altan Khan ban cho Lạt ma Sonam Gyatso vào năm 1578. Từ đó, “Đức Đạt Lai Lạt Ma” trở thành danh xưng cho vị Lạt ma cao nhất trong truyền thống Phật giáo Gelug (Mũ Vàng). Đạt Lai Lạt Ma (Dalai Lama) nghĩa là \"Người bảo vệ đức tin\" (Defender of the Faith), \"Biển lớn của trí tuệ\" (Ocean of Wisdom), \"Vua của Chánh Pháp\" (King of Dharma), “Viên bảo châu như ý” (Wishfulfilling Gem), “Hoa sen trắng” (White lotus) và Hóa thân Quan Âm (Kuan Yin Boddhisattva).','123456789'),(25,'Barbara Bazaldua','179 Chánh Hưng F.4 Q.8 Tp.HCM','Tenzin Gyatso, nói đủ là Jetsun Jamphel Ngawang Lobsang Yeshe Tenzin Gyatso, là pháp hiệu của Đức Đạt Lai Lạt Ma thứ 14 là vị đạo sư lãnh đạo tinh thần của người dân Tây Tạng và nhiều đạo tràng Phật Giáo trên thế giới. Đức Đạt Lai Lạt Ma là tước hiệu của vua Mông Cổ Altan Khan ban cho Lạt ma Sonam Gyatso vào năm 1578. Từ đó, “Đức Đạt Lai Lạt Ma” trở thành danh xưng cho vị Lạt ma cao nhất trong truyền thống Phật giáo Gelug (Mũ Vàng). Đạt Lai Lạt Ma (Dalai Lama) nghĩa là \"Người bảo vệ đức tin\" (Defender of the Faith), \"Biển lớn của trí tuệ\" (Ocean of Wisdom), \"Vua của Chánh Pháp\" (King of Dharma), “Viên bảo châu như ý” (Wishfulfilling Gem), “Hoa sen trắng” (White lotus) và Hóa thân Quan Âm (Kuan Yin Boddhisattva).','123456789'),(26,'Th.S Nguyễn Nam Thuận','179 Chánh Hưng F.4 Q.8 Tp.HCM','Tenzin Gyatso, nói đủ là Jetsun Jamphel Ngawang Lobsang Yeshe Tenzin Gyatso, là pháp hiệu của Đức Đạt Lai Lạt Ma thứ 14 là vị đạo sư lãnh đạo tinh thần của người dân Tây Tạng và nhiều đạo tràng Phật Giáo trên thế giới. Đức Đạt Lai Lạt Ma là tước hiệu của vua Mông Cổ Altan Khan ban cho Lạt ma Sonam Gyatso vào năm 1578. Từ đó, “Đức Đạt Lai Lạt Ma” trở thành danh xưng cho vị Lạt ma cao nhất trong truyền thống Phật giáo Gelug (Mũ Vàng). Đạt Lai Lạt Ma (Dalai Lama) nghĩa là \"Người bảo vệ đức tin\" (Defender of the Faith), \"Biển lớn của trí tuệ\" (Ocean of Wisdom), \"Vua của Chánh Pháp\" (King of Dharma), “Viên bảo châu như ý” (Wishfulfilling Gem), “Hoa sen trắng” (White lotus) và Hóa thân Quan Âm (Kuan Yin Boddhisattva).','123456789'),(27,'Lê Thuận','179 Chánh Hưng F.4 Q.8 Tp.HCM','Tenzin Gyatso, nói đủ là Jetsun Jamphel Ngawang Lobsang Yeshe Tenzin Gyatso, là pháp hiệu của Đức Đạt Lai Lạt Ma thứ 14 là vị đạo sư lãnh đạo tinh thần của người dân Tây Tạng và nhiều đạo tràng Phật Giáo trên thế giới. Đức Đạt Lai Lạt Ma là tước hiệu của vua Mông Cổ Altan Khan ban cho Lạt ma Sonam Gyatso vào năm 1578. Từ đó, “Đức Đạt Lai Lạt Ma” trở thành danh xưng cho vị Lạt ma cao nhất trong truyền thống Phật giáo Gelug (Mũ Vàng). Đạt Lai Lạt Ma (Dalai Lama) nghĩa là \"Người bảo vệ đức tin\" (Defender of the Faith), \"Biển lớn của trí tuệ\" (Ocean of Wisdom), \"Vua của Chánh Pháp\" (King of Dharma), “Viên bảo châu như ý” (Wishfulfilling Gem), “Hoa sen trắng” (White lotus) và Hóa thân Quan Âm (Kuan Yin Boddhisattva).','123456789'),(28,'Trần Tuấn Mẫn','179 Chánh Hưng F.4 Q.8 Tp.HCM','Tenzin Gyatso, nói đủ là Jetsun Jamphel Ngawang Lobsang Yeshe Tenzin Gyatso, là pháp hiệu của Đức Đạt Lai Lạt Ma thứ 14 là vị đạo sư lãnh đạo tinh thần của người dân Tây Tạng và nhiều đạo tràng Phật Giáo trên thế giới. Đức Đạt Lai Lạt Ma là tước hiệu của vua Mông Cổ Altan Khan ban cho Lạt ma Sonam Gyatso vào năm 1578. Từ đó, “Đức Đạt Lai Lạt Ma” trở thành danh xưng cho vị Lạt ma cao nhất trong truyền thống Phật giáo Gelug (Mũ Vàng). Đạt Lai Lạt Ma (Dalai Lama) nghĩa là \"Người bảo vệ đức tin\" (Defender of the Faith), \"Biển lớn của trí tuệ\" (Ocean of Wisdom), \"Vua của Chánh Pháp\" (King of Dharma), “Viên bảo châu như ý” (Wishfulfilling Gem), “Hoa sen trắng” (White lotus) và Hóa thân Quan Âm (Kuan Yin Boddhisattva).','123456789'),(29,'Dr. Prashant Kakode','179 Chánh Hưng F.4 Q.8 Tp.HCM','Tenzin Gyatso, nói đủ là Jetsun Jamphel Ngawang Lobsang Yeshe Tenzin Gyatso, là pháp hiệu của Đức Đạt Lai Lạt Ma thứ 14 là vị đạo sư lãnh đạo tinh thần của người dân Tây Tạng và nhiều đạo tràng Phật Giáo trên thế giới. Đức Đạt Lai Lạt Ma là tước hiệu của vua Mông Cổ Altan Khan ban cho Lạt ma Sonam Gyatso vào năm 1578. Từ đó, “Đức Đạt Lai Lạt Ma” trở thành danh xưng cho vị Lạt ma cao nhất trong truyền thống Phật giáo Gelug (Mũ Vàng). Đạt Lai Lạt Ma (Dalai Lama) nghĩa là \"Người bảo vệ đức tin\" (Defender of the Faith), \"Biển lớn của trí tuệ\" (Ocean of Wisdom), \"Vua của Chánh Pháp\" (King of Dharma), “Viên bảo châu như ý” (Wishfulfilling Gem), “Hoa sen trắng” (White lotus) và Hóa thân Quan Âm (Kuan Yin Boddhisattva).','123456789'),(30,'John Blofeld','179 Chánh Hưng F.4 Q.8 Tp.HCM','Tenzin Gyatso, nói đủ là Jetsun Jamphel Ngawang Lobsang Yeshe Tenzin Gyatso, là pháp hiệu của Đức Đạt Lai Lạt Ma thứ 14 là vị đạo sư lãnh đạo tinh thần của người dân Tây Tạng và nhiều đạo tràng Phật Giáo trên thế giới. Đức Đạt Lai Lạt Ma là tước hiệu của vua Mông Cổ Altan Khan ban cho Lạt ma Sonam Gyatso vào năm 1578. Từ đó, “Đức Đạt Lai Lạt Ma” trở thành danh xưng cho vị Lạt ma cao nhất trong truyền thống Phật giáo Gelug (Mũ Vàng). Đạt Lai Lạt Ma (Dalai Lama) nghĩa là \"Người bảo vệ đức tin\" (Defender of the Faith), \"Biển lớn của trí tuệ\" (Ocean of Wisdom), \"Vua của Chánh Pháp\" (King of Dharma), “Viên bảo châu như ý” (Wishfulfilling Gem), “Hoa sen trắng” (White lotus) và Hóa thân Quan Âm (Kuan Yin Boddhisattva).','123456789'),(31,'Nguyễn Bá Tiến','179 Chánh Hưng F.4 Q.8 Tp.HCM','Tenzin Gyatso, nói đủ là Jetsun Jamphel Ngawang Lobsang Yeshe Tenzin Gyatso, là pháp hiệu của Đức Đạt Lai Lạt Ma thứ 14 là vị đạo sư lãnh đạo tinh thần của người dân Tây Tạng và nhiều đạo tràng Phật Giáo trên thế giới. Đức Đạt Lai Lạt Ma là tước hiệu của vua Mông Cổ Altan Khan ban cho Lạt ma Sonam Gyatso vào năm 1578. Từ đó, “Đức Đạt Lai Lạt Ma” trở thành danh xưng cho vị Lạt ma cao nhất trong truyền thống Phật giáo Gelug (Mũ Vàng). Đạt Lai Lạt Ma (Dalai Lama) nghĩa là \"Người bảo vệ đức tin\" (Defender of the Faith), \"Biển lớn của trí tuệ\" (Ocean of Wisdom), \"Vua của Chánh Pháp\" (King of Dharma), “Viên bảo châu như ý” (Wishfulfilling Gem), “Hoa sen trắng” (White lotus) và Hóa thân Quan Âm (Kuan Yin Boddhisattva).','123456789'),(32,'Vô Úy','179 Chánh Hưng F.4 Q.8 Tp.HCM','Tenzin Gyatso, nói đủ là Jetsun Jamphel Ngawang Lobsang Yeshe Tenzin Gyatso, là pháp hiệu của Đức Đạt Lai Lạt Ma thứ 14 là vị đạo sư lãnh đạo tinh thần của người dân Tây Tạng và nhiều đạo tràng Phật Giáo trên thế giới. Đức Đạt Lai Lạt Ma là tước hiệu của vua Mông Cổ Altan Khan ban cho Lạt ma Sonam Gyatso vào năm 1578. Từ đó, “Đức Đạt Lai Lạt Ma” trở thành danh xưng cho vị Lạt ma cao nhất trong truyền thống Phật giáo Gelug (Mũ Vàng). Đạt Lai Lạt Ma (Dalai Lama) nghĩa là \"Người bảo vệ đức tin\" (Defender of the Faith), \"Biển lớn của trí tuệ\" (Ocean of Wisdom), \"Vua của Chánh Pháp\" (King of Dharma), “Viên bảo châu như ý” (Wishfulfilling Gem), “Hoa sen trắng” (White lotus) và Hóa thân Quan Âm (Kuan Yin Boddhisattva).','123456789'),(33,'Quang Hiển','179 Chánh Hưng F.4 Q.8 Tp.HCM','Tenzin Gyatso, nói đủ là Jetsun Jamphel Ngawang Lobsang Yeshe Tenzin Gyatso, là pháp hiệu của Đức Đạt Lai Lạt Ma thứ 14 là vị đạo sư lãnh đạo tinh thần của người dân Tây Tạng và nhiều đạo tràng Phật Giáo trên thế giới. Đức Đạt Lai Lạt Ma là tước hiệu của vua Mông Cổ Altan Khan ban cho Lạt ma Sonam Gyatso vào năm 1578. Từ đó, “Đức Đạt Lai Lạt Ma” trở thành danh xưng cho vị Lạt ma cao nhất trong truyền thống Phật giáo Gelug (Mũ Vàng). Đạt Lai Lạt Ma (Dalai Lama) nghĩa là \"Người bảo vệ đức tin\" (Defender of the Faith), \"Biển lớn của trí tuệ\" (Ocean of Wisdom), \"Vua của Chánh Pháp\" (King of Dharma), “Viên bảo châu như ý” (Wishfulfilling Gem), “Hoa sen trắng” (White lotus) và Hóa thân Quan Âm (Kuan Yin Boddhisattva).','123456789'),(34,'Tường Thụy','179 Chánh Hưng F.4 Q.8 Tp.HCM','Tenzin Gyatso, nói đủ là Jetsun Jamphel Ngawang Lobsang Yeshe Tenzin Gyatso, là pháp hiệu của Đức Đạt Lai Lạt Ma thứ 14 là vị đạo sư lãnh đạo tinh thần của người dân Tây Tạng và nhiều đạo tràng Phật Giáo trên thế giới. Đức Đạt Lai Lạt Ma là tước hiệu của vua Mông Cổ Altan Khan ban cho Lạt ma Sonam Gyatso vào năm 1578. Từ đó, “Đức Đạt Lai Lạt Ma” trở thành danh xưng cho vị Lạt ma cao nhất trong truyền thống Phật giáo Gelug (Mũ Vàng). Đạt Lai Lạt Ma (Dalai Lama) nghĩa là \"Người bảo vệ đức tin\" (Defender of the Faith), \"Biển lớn của trí tuệ\" (Ocean of Wisdom), \"Vua của Chánh Pháp\" (King of Dharma), “Viên bảo châu như ý” (Wishfulfilling Gem), “Hoa sen trắng” (White lotus) và Hóa thân Quan Âm (Kuan Yin Boddhisattva).','123456789'),(35,'Huyền Cơ','179 Chánh Hưng F.4 Q.8 Tp.HCM','Tenzin Gyatso, nói đủ là Jetsun Jamphel Ngawang Lobsang Yeshe Tenzin Gyatso, là pháp hiệu của Đức Đạt Lai Lạt Ma thứ 14 là vị đạo sư lãnh đạo tinh thần của người dân Tây Tạng và nhiều đạo tràng Phật Giáo trên thế giới. Đức Đạt Lai Lạt Ma là tước hiệu của vua Mông Cổ Altan Khan ban cho Lạt ma Sonam Gyatso vào năm 1578. Từ đó, “Đức Đạt Lai Lạt Ma” trở thành danh xưng cho vị Lạt ma cao nhất trong truyền thống Phật giáo Gelug (Mũ Vàng). Đạt Lai Lạt Ma (Dalai Lama) nghĩa là \"Người bảo vệ đức tin\" (Defender of the Faith), \"Biển lớn của trí tuệ\" (Ocean of Wisdom), \"Vua của Chánh Pháp\" (King of Dharma), “Viên bảo châu như ý” (Wishfulfilling Gem), “Hoa sen trắng” (White lotus) và Hóa thân Quan Âm (Kuan Yin Boddhisattva).','123456789'),(36,'Phương Thảo','179 Chánh Hưng F.4 Q.8 Tp.HCM','Tenzin Gyatso, nói đủ là Jetsun Jamphel Ngawang Lobsang Yeshe Tenzin Gyatso, là pháp hiệu của Đức Đạt Lai Lạt Ma thứ 14 là vị đạo sư lãnh đạo tinh thần của người dân Tây Tạng và nhiều đạo tràng Phật Giáo trên thế giới. Đức Đạt Lai Lạt Ma là tước hiệu của vua Mông Cổ Altan Khan ban cho Lạt ma Sonam Gyatso vào năm 1578. Từ đó, “Đức Đạt Lai Lạt Ma” trở thành danh xưng cho vị Lạt ma cao nhất trong truyền thống Phật giáo Gelug (Mũ Vàng). Đạt Lai Lạt Ma (Dalai Lama) nghĩa là \"Người bảo vệ đức tin\" (Defender of the Faith), \"Biển lớn của trí tuệ\" (Ocean of Wisdom), \"Vua của Chánh Pháp\" (King of Dharma), “Viên bảo châu như ý” (Wishfulfilling Gem), “Hoa sen trắng” (White lotus) và Hóa thân Quan Âm (Kuan Yin Boddhisattva).','123456789'),(37,'Tony Buzan','179 Chánh Hưng F.4 Q.8 Tp.HCM','Tenzin Gyatso, nói đủ là Jetsun Jamphel Ngawang Lobsang Yeshe Tenzin Gyatso, là pháp hiệu của Đức Đạt Lai Lạt Ma thứ 14 là vị đạo sư lãnh đạo tinh thần của người dân Tây Tạng và nhiều đạo tràng Phật Giáo trên thế giới. Đức Đạt Lai Lạt Ma là tước hiệu của vua Mông Cổ Altan Khan ban cho Lạt ma Sonam Gyatso vào năm 1578. Từ đó, “Đức Đạt Lai Lạt Ma” trở thành danh xưng cho vị Lạt ma cao nhất trong truyền thống Phật giáo Gelug (Mũ Vàng). Đạt Lai Lạt Ma (Dalai Lama) nghĩa là \"Người bảo vệ đức tin\" (Defender of the Faith), \"Biển lớn của trí tuệ\" (Ocean of Wisdom), \"Vua của Chánh Pháp\" (King of Dharma), “Viên bảo châu như ý” (Wishfulfilling Gem), “Hoa sen trắng” (White lotus) và Hóa thân Quan Âm (Kuan Yin Boddhisattva).','123456789'),(38,'Dale Carnegie ','179 Chánh Hưng F.4 Q.8 Tp.HCM','Tenzin Gyatso, nói đủ là Jetsun Jamphel Ngawang Lobsang Yeshe Tenzin Gyatso, là pháp hiệu của Đức Đạt Lai Lạt Ma thứ 14 là vị đạo sư lãnh đạo tinh thần của người dân Tây Tạng và nhiều đạo tràng Phật Giáo trên thế giới. Đức Đạt Lai Lạt Ma là tước hiệu của vua Mông Cổ Altan Khan ban cho Lạt ma Sonam Gyatso vào năm 1578. Từ đó, “Đức Đạt Lai Lạt Ma” trở thành danh xưng cho vị Lạt ma cao nhất trong truyền thống Phật giáo Gelug (Mũ Vàng). Đạt Lai Lạt Ma (Dalai Lama) nghĩa là \"Người bảo vệ đức tin\" (Defender of the Faith), \"Biển lớn của trí tuệ\" (Ocean of Wisdom), \"Vua của Chánh Pháp\" (King of Dharma), “Viên bảo châu như ý” (Wishfulfilling Gem), “Hoa sen trắng” (White lotus) và Hóa thân Quan Âm (Kuan Yin Boddhisattva).','123456789'),(39,'Stephen P. Robbins .Timothy A. Judge','179 Chánh Hưng F.4 Q.8 Tp.HCM','Tenzin Gyatso, nói đủ là Jetsun Jamphel Ngawang Lobsang Yeshe Tenzin Gyatso, là pháp hiệu của Đức Đạt Lai Lạt Ma thứ 14 là vị đạo sư lãnh đạo tinh thần của người dân Tây Tạng và nhiều đạo tràng Phật Giáo trên thế giới. Đức Đạt Lai Lạt Ma là tước hiệu của vua Mông Cổ Altan Khan ban cho Lạt ma Sonam Gyatso vào năm 1578. Từ đó, “Đức Đạt Lai Lạt Ma” trở thành danh xưng cho vị Lạt ma cao nhất trong truyền thống Phật giáo Gelug (Mũ Vàng). Đạt Lai Lạt Ma (Dalai Lama) nghĩa là \"Người bảo vệ đức tin\" (Defender of the Faith), \"Biển lớn của trí tuệ\" (Ocean of Wisdom), \"Vua của Chánh Pháp\" (King of Dharma), “Viên bảo châu như ý” (Wishfulfilling Gem), “Hoa sen trắng” (White lotus) và Hóa thân Quan Âm (Kuan Yin Boddhisattva).','123456789'),(40,'Vương Chí Cương','179 Chánh Hưng F.4 Q.8 Tp.HCM','Tenzin Gyatso, nói đủ là Jetsun Jamphel Ngawang Lobsang Yeshe Tenzin Gyatso, là pháp hiệu của Đức Đạt Lai Lạt Ma thứ 14 là vị đạo sư lãnh đạo tinh thần của người dân Tây Tạng và nhiều đạo tràng Phật Giáo trên thế giới. Đức Đạt Lai Lạt Ma là tước hiệu của vua Mông Cổ Altan Khan ban cho Lạt ma Sonam Gyatso vào năm 1578. Từ đó, “Đức Đạt Lai Lạt Ma” trở thành danh xưng cho vị Lạt ma cao nhất trong truyền thống Phật giáo Gelug (Mũ Vàng). Đạt Lai Lạt Ma (Dalai Lama) nghĩa là \"Người bảo vệ đức tin\" (Defender of the Faith), \"Biển lớn của trí tuệ\" (Ocean of Wisdom), \"Vua của Chánh Pháp\" (King of Dharma), “Viên bảo châu như ý” (Wishfulfilling Gem), “Hoa sen trắng” (White lotus) và Hóa thân Quan Âm (Kuan Yin Boddhisattva).','123456789'),(41,'James Chen. Lê Đạt Chí','179 Chánh Hưng F.4 Q.8 Tp.HCM','Tenzin Gyatso, nói đủ là Jetsun Jamphel Ngawang Lobsang Yeshe Tenzin Gyatso, là pháp hiệu của Đức Đạt Lai Lạt Ma thứ 14 là vị đạo sư lãnh đạo tinh thần của người dân Tây Tạng và nhiều đạo tràng Phật Giáo trên thế giới. Đức Đạt Lai Lạt Ma là tước hiệu của vua Mông Cổ Altan Khan ban cho Lạt ma Sonam Gyatso vào năm 1578. Từ đó, “Đức Đạt Lai Lạt Ma” trở thành danh xưng cho vị Lạt ma cao nhất trong truyền thống Phật giáo Gelug (Mũ Vàng). Đạt Lai Lạt Ma (Dalai Lama) nghĩa là \"Người bảo vệ đức tin\" (Defender of the Faith), \"Biển lớn của trí tuệ\" (Ocean of Wisdom), \"Vua của Chánh Pháp\" (King of Dharma), “Viên bảo châu như ý” (Wishfulfilling Gem), “Hoa sen trắng” (White lotus) và Hóa thân Quan Âm (Kuan Yin Boddhisattva).','123456789'),(42,'Th.S Nguyễn Công Minh','179 Chánh Hưng F.4 Q.8 Tp.HCM','Tenzin Gyatso, nói đủ là Jetsun Jamphel Ngawang Lobsang Yeshe Tenzin Gyatso, là pháp hiệu của Đức Đạt Lai Lạt Ma thứ 14 là vị đạo sư lãnh đạo tinh thần của người dân Tây Tạng và nhiều đạo tràng Phật Giáo trên thế giới. Đức Đạt Lai Lạt Ma là tước hiệu của vua Mông Cổ Altan Khan ban cho Lạt ma Sonam Gyatso vào năm 1578. Từ đó, “Đức Đạt Lai Lạt Ma” trở thành danh xưng cho vị Lạt ma cao nhất trong truyền thống Phật giáo Gelug (Mũ Vàng). Đạt Lai Lạt Ma (Dalai Lama) nghĩa là \"Người bảo vệ đức tin\" (Defender of the Faith), \"Biển lớn của trí tuệ\" (Ocean of Wisdom), \"Vua của Chánh Pháp\" (King of Dharma), “Viên bảo châu như ý” (Wishfulfilling Gem), “Hoa sen trắng” (White lotus) và Hóa thân Quan Âm (Kuan Yin Boddhisattva).','123456789'),(43,'TS. Phạm Thế Quế','179 Chánh Hưng F.4 Q.8 Tp.HCM','Tenzin Gyatso, nói đủ là Jetsun Jamphel Ngawang Lobsang Yeshe Tenzin Gyatso, là pháp hiệu của Đức Đạt Lai Lạt Ma thứ 14 là vị đạo sư lãnh đạo tinh thần của người dân Tây Tạng và nhiều đạo tràng Phật Giáo trên thế giới. Đức Đạt Lai Lạt Ma là tước hiệu của vua Mông Cổ Altan Khan ban cho Lạt ma Sonam Gyatso vào năm 1578. Từ đó, “Đức Đạt Lai Lạt Ma” trở thành danh xưng cho vị Lạt ma cao nhất trong truyền thống Phật giáo Gelug (Mũ Vàng). Đạt Lai Lạt Ma (Dalai Lama) nghĩa là \"Người bảo vệ đức tin\" (Defender of the Faith), \"Biển lớn của trí tuệ\" (Ocean of Wisdom), \"Vua của Chánh Pháp\" (King of Dharma), “Viên bảo châu như ý” (Wishfulfilling Gem), “Hoa sen trắng” (White lotus) và Hóa thân Quan Âm (Kuan Yin Boddhisattva).','123456789'),(44,'Phạm Quang Hiển','179 Chánh Hưng F.4 Q.8 Tp.HCM','Tenzin Gyatso, nói đủ là Jetsun Jamphel Ngawang Lobsang Yeshe Tenzin Gyatso, là pháp hiệu của Đức Đạt Lai Lạt Ma thứ 14 là vị đạo sư lãnh đạo tinh thần của người dân Tây Tạng và nhiều đạo tràng Phật Giáo trên thế giới. Đức Đạt Lai Lạt Ma là tước hiệu của vua Mông Cổ Altan Khan ban cho Lạt ma Sonam Gyatso vào năm 1578. Từ đó, “Đức Đạt Lai Lạt Ma” trở thành danh xưng cho vị Lạt ma cao nhất trong truyền thống Phật giáo Gelug (Mũ Vàng). Đạt Lai Lạt Ma (Dalai Lama) nghĩa là \"Người bảo vệ đức tin\" (Defender of the Faith), \"Biển lớn của trí tuệ\" (Ocean of Wisdom), \"Vua của Chánh Pháp\" (King of Dharma), “Viên bảo châu như ý” (Wishfulfilling Gem), “Hoa sen trắng” (White lotus) và Hóa thân Quan Âm (Kuan Yin Boddhisattva).','123456789'),(45,'Phạm Hữu Khang','179 Chánh Hưng F.4 Q.8 Tp.HCM','Tenzin Gyatso, nói đủ là Jetsun Jamphel Ngawang Lobsang Yeshe Tenzin Gyatso, là pháp hiệu của Đức Đạt Lai Lạt Ma thứ 14 là vị đạo sư lãnh đạo tinh thần của người dân Tây Tạng và nhiều đạo tràng Phật Giáo trên thế giới. Đức Đạt Lai Lạt Ma là tước hiệu của vua Mông Cổ Altan Khan ban cho Lạt ma Sonam Gyatso vào năm 1578. Từ đó, “Đức Đạt Lai Lạt Ma” trở thành danh xưng cho vị Lạt ma cao nhất trong truyền thống Phật giáo Gelug (Mũ Vàng). Đạt Lai Lạt Ma (Dalai Lama) nghĩa là \"Người bảo vệ đức tin\" (Defender of the Faith), \"Biển lớn của trí tuệ\" (Ocean of Wisdom), \"Vua của Chánh Pháp\" (King of Dharma), “Viên bảo châu như ý” (Wishfulfilling Gem), “Hoa sen trắng” (White lotus) và Hóa thân Quan Âm (Kuan Yin Boddhisattva).','123456789'),(46,'Laurence J. Brahm','179 Chánh Hưng F.4 Q.8 Tp.HCM','Tenzin Gyatso, nói đủ là Jetsun Jamphel Ngawang Lobsang Yeshe Tenzin Gyatso, là pháp hiệu của Đức Đạt Lai Lạt Ma thứ 14 là vị đạo sư lãnh đạo tinh thần của người dân Tây Tạng và nhiều đạo tràng Phật Giáo trên thế giới. Đức Đạt Lai Lạt Ma là tước hiệu của vua Mông Cổ Altan Khan ban cho Lạt ma Sonam Gyatso vào năm 1578. Từ đó, “Đức Đạt Lai Lạt Ma” trở thành danh xưng cho vị Lạt ma cao nhất trong truyền thống Phật giáo Gelug (Mũ Vàng). Đạt Lai Lạt Ma (Dalai Lama) nghĩa là \"Người bảo vệ đức tin\" (Defender of the Faith), \"Biển lớn của trí tuệ\" (Ocean of Wisdom), \"Vua của Chánh Pháp\" (King of Dharma), “Viên bảo châu như ý” (Wishfulfilling Gem), “Hoa sen trắng” (White lotus) và Hóa thân Quan Âm (Kuan Yin Boddhisattva).','123456789'),(47,'Nguyễn Tường Bách','179 Chánh Hưng F.4 Q.8 Tp.HCM','Tenzin Gyatso, nói đủ là Jetsun Jamphel Ngawang Lobsang Yeshe Tenzin Gyatso, là pháp hiệu của Đức Đạt Lai Lạt Ma thứ 14 là vị đạo sư lãnh đạo tinh thần của người dân Tây Tạng và nhiều đạo tràng Phật Giáo trên thế giới. Đức Đạt Lai Lạt Ma là tước hiệu của vua Mông Cổ Altan Khan ban cho Lạt ma Sonam Gyatso vào năm 1578. Từ đó, “Đức Đạt Lai Lạt Ma” trở thành danh xưng cho vị Lạt ma cao nhất trong truyền thống Phật giáo Gelug (Mũ Vàng). Đạt Lai Lạt Ma (Dalai Lama) nghĩa là \"Người bảo vệ đức tin\" (Defender of the Faith), \"Biển lớn của trí tuệ\" (Ocean of Wisdom), \"Vua của Chánh Pháp\" (King of Dharma), “Viên bảo châu như ý” (Wishfulfilling Gem), “Hoa sen trắng” (White lotus) và Hóa thân Quan Âm (Kuan Yin Boddhisattva).','123456789'),(48,'Thích Nguyên Tạng','179 Chánh Hưng F.4 Q.8 Tp.HCM','Tenzin Gyatso, nói đủ là Jetsun Jamphel Ngawang Lobsang Yeshe Tenzin Gyatso, là pháp hiệu của Đức Đạt Lai Lạt Ma thứ 14 là vị đạo sư lãnh đạo tinh thần của người dân Tây Tạng và nhiều đạo tràng Phật Giáo trên thế giới. Đức Đạt Lai Lạt Ma là tước hiệu của vua Mông Cổ Altan Khan ban cho Lạt ma Sonam Gyatso vào năm 1578. Từ đó, “Đức Đạt Lai Lạt Ma” trở thành danh xưng cho vị Lạt ma cao nhất trong truyền thống Phật giáo Gelug (Mũ Vàng). Đạt Lai Lạt Ma (Dalai Lama) nghĩa là \"Người bảo vệ đức tin\" (Defender of the Faith), \"Biển lớn của trí tuệ\" (Ocean of Wisdom), \"Vua của Chánh Pháp\" (King of Dharma), “Viên bảo châu như ý” (Wishfulfilling Gem), “Hoa sen trắng” (White lotus) và Hóa thân Quan Âm (Kuan Yin Boddhisattva).','123456789'),(49,'Thanh Tâm','179 Chánh Hưng F.4 Q.8 Tp.HCM','Tenzin Gyatso, nói đủ là Jetsun Jamphel Ngawang Lobsang Yeshe Tenzin Gyatso, là pháp hiệu của Đức Đạt Lai Lạt Ma thứ 14 là vị đạo sư lãnh đạo tinh thần của người dân Tây Tạng và nhiều đạo tràng Phật Giáo trên thế giới. Đức Đạt Lai Lạt Ma là tước hiệu của vua Mông Cổ Altan Khan ban cho Lạt ma Sonam Gyatso vào năm 1578. Từ đó, “Đức Đạt Lai Lạt Ma” trở thành danh xưng cho vị Lạt ma cao nhất trong truyền thống Phật giáo Gelug (Mũ Vàng). Đạt Lai Lạt Ma (Dalai Lama) nghĩa là \"Người bảo vệ đức tin\" (Defender of the Faith), \"Biển lớn của trí tuệ\" (Ocean of Wisdom), \"Vua của Chánh Pháp\" (King of Dharma), “Viên bảo châu như ý” (Wishfulfilling Gem), “Hoa sen trắng” (White lotus) và Hóa thân Quan Âm (Kuan Yin Boddhisattva).','123456789'),(50,'Trần Hà','179 Chánh Hưng F.4 Q.8 Tp.HCM','Tenzin Gyatso, nói đủ là Jetsun Jamphel Ngawang Lobsang Yeshe Tenzin Gyatso, là pháp hiệu của Đức Đạt Lai Lạt Ma thứ 14 là vị đạo sư lãnh đạo tinh thần của người dân Tây Tạng và nhiều đạo tràng Phật Giáo trên thế giới. Đức Đạt Lai Lạt Ma là tước hiệu của vua Mông Cổ Altan Khan ban cho Lạt ma Sonam Gyatso vào năm 1578. Từ đó, “Đức Đạt Lai Lạt Ma” trở thành danh xưng cho vị Lạt ma cao nhất trong truyền thống Phật giáo Gelug (Mũ Vàng). Đạt Lai Lạt Ma (Dalai Lama) nghĩa là \"Người bảo vệ đức tin\" (Defender of the Faith), \"Biển lớn của trí tuệ\" (Ocean of Wisdom), \"Vua của Chánh Pháp\" (King of Dharma), “Viên bảo châu như ý” (Wishfulfilling Gem), “Hoa sen trắng” (White lotus) và Hóa thân Quan Âm (Kuan Yin Boddhisattva).','123456789'),(51,'Phan Lê Nhật Hý','179 Chánh Hưng F.4 Q.8 Tp.HCM','Tenzin Gyatso, nói đủ là Jetsun Jamphel Ngawang Lobsang Yeshe Tenzin Gyatso, là pháp hiệu của Đức Đạt Lai Lạt Ma thứ 14 là vị đạo sư lãnh đạo tinh thần của người dân Tây Tạng và nhiều đạo tràng Phật Giáo trên thế giới. Đức Đạt Lai Lạt Ma là tước hiệu của vua Mông Cổ Altan Khan ban cho Lạt ma Sonam Gyatso vào năm 1578. Từ đó, “Đức Đạt Lai Lạt Ma” trở thành danh xưng cho vị Lạt ma cao nhất trong truyền thống Phật giáo Gelug (Mũ Vàng). Đạt Lai Lạt Ma (Dalai Lama) nghĩa là \"Người bảo vệ đức tin\" (Defender of the Faith), \"Biển lớn của trí tuệ\" (Ocean of Wisdom), \"Vua của Chánh Pháp\" (King of Dharma), “Viên bảo châu như ý” (Wishfulfilling Gem), “Hoa sen trắng” (White lotus) và Hóa thân Quan Âm (Kuan Yin Boddhisattva).','123456789'),(52,'Quang Huy','179 Chánh Hưng F.4 Q.8 Tp.HCM','Tenzin Gyatso, nói đủ là Jetsun Jamphel Ngawang Lobsang Yeshe Tenzin Gyatso, là pháp hiệu của Đức Đạt Lai Lạt Ma thứ 14 là vị đạo sư lãnh đạo tinh thần của người dân Tây Tạng và nhiều đạo tràng Phật Giáo trên thế giới. Đức Đạt Lai Lạt Ma là tước hiệu của vua Mông Cổ Altan Khan ban cho Lạt ma Sonam Gyatso vào năm 1578. Từ đó, “Đức Đạt Lai Lạt Ma” trở thành danh xưng cho vị Lạt ma cao nhất trong truyền thống Phật giáo Gelug (Mũ Vàng). Đạt Lai Lạt Ma (Dalai Lama) nghĩa là \"Người bảo vệ đức tin\" (Defender of the Faith), \"Biển lớn của trí tuệ\" (Ocean of Wisdom), \"Vua của Chánh Pháp\" (King of Dharma), “Viên bảo châu như ý” (Wishfulfilling Gem), “Hoa sen trắng” (White lotus) và Hóa thân Quan Âm (Kuan Yin Boddhisattva).','123456789'),(53,'Geshe Kelsang Gyatso','179 Chánh Hưng F.4 Q.8 Tp.HCM','Tenzin Gyatso, nói đủ là Jetsun Jamphel Ngawang Lobsang Yeshe Tenzin Gyatso, là pháp hiệu của Đức Đạt Lai Lạt Ma thứ 14 là vị đạo sư lãnh đạo tinh thần của người dân Tây Tạng và nhiều đạo tràng Phật Giáo trên thế giới. Đức Đạt Lai Lạt Ma là tước hiệu của vua Mông Cổ Altan Khan ban cho Lạt ma Sonam Gyatso vào năm 1578. Từ đó, “Đức Đạt Lai Lạt Ma” trở thành danh xưng cho vị Lạt ma cao nhất trong truyền thống Phật giáo Gelug (Mũ Vàng). Đạt Lai Lạt Ma (Dalai Lama) nghĩa là \"Người bảo vệ đức tin\" (Defender of the Faith), \"Biển lớn của trí tuệ\" (Ocean of Wisdom), \"Vua của Chánh Pháp\" (King of Dharma), “Viên bảo châu như ý” (Wishfulfilling Gem), “Hoa sen trắng” (White lotus) và Hóa thân Quan Âm (Kuan Yin Boddhisattva).','123456789'),(54,'Nguyễn Minh Tiến','179 Chánh Hưng F.4 Q.8 Tp.HCM','Tenzin Gyatso, nói đủ là Jetsun Jamphel Ngawang Lobsang Yeshe Tenzin Gyatso, là pháp hiệu của Đức Đạt Lai Lạt Ma thứ 14 là vị đạo sư lãnh đạo tinh thần của người dân Tây Tạng và nhiều đạo tràng Phật Giáo trên thế giới. Đức Đạt Lai Lạt Ma là tước hiệu của vua Mông Cổ Altan Khan ban cho Lạt ma Sonam Gyatso vào năm 1578. Từ đó, “Đức Đạt Lai Lạt Ma” trở thành danh xưng cho vị Lạt ma cao nhất trong truyền thống Phật giáo Gelug (Mũ Vàng). Đạt Lai Lạt Ma (Dalai Lama) nghĩa là \"Người bảo vệ đức tin\" (Defender of the Faith), \"Biển lớn của trí tuệ\" (Ocean of Wisdom), \"Vua của Chánh Pháp\" (King of Dharma), “Viên bảo châu như ý” (Wishfulfilling Gem), “Hoa sen trắng” (White lotus) và Hóa thân Quan Âm (Kuan Yin Boddhisattva).','123456789'),(55,'Ngọc Cầm','179 Chánh Hưng F.4 Q.8 Tp.HCM','Tenzin Gyatso, nói đủ là Jetsun Jamphel Ngawang Lobsang Yeshe Tenzin Gyatso, là pháp hiệu của Đức Đạt Lai Lạt Ma thứ 14 là vị đạo sư lãnh đạo tinh thần của người dân Tây Tạng và nhiều đạo tràng Phật Giáo trên thế giới. Đức Đạt Lai Lạt Ma là tước hiệu của vua Mông Cổ Altan Khan ban cho Lạt ma Sonam Gyatso vào năm 1578. Từ đó, “Đức Đạt Lai Lạt Ma” trở thành danh xưng cho vị Lạt ma cao nhất trong truyền thống Phật giáo Gelug (Mũ Vàng). Đạt Lai Lạt Ma (Dalai Lama) nghĩa là \"Người bảo vệ đức tin\" (Defender of the Faith), \"Biển lớn của trí tuệ\" (Ocean of Wisdom), \"Vua của Chánh Pháp\" (King of Dharma), “Viên bảo châu như ý” (Wishfulfilling Gem), “Hoa sen trắng” (White lotus) và Hóa thân Quan Âm (Kuan Yin Boddhisattva).','123456789');
/*!40000 ALTER TABLE `tacgia` ENABLE KEYS */;
UNLOCK TABLES;
/*!40103 SET TIME_ZONE=@OLD_TIME_ZONE */;

/*!40101 SET SQL_MODE=@OLD_SQL_MODE */;
/*!40014 SET FOREIGN_KEY_CHECKS=@OLD_FOREIGN_KEY_CHECKS */;
/*!40014 SET UNIQUE_CHECKS=@OLD_UNIQUE_CHECKS */;
/*!40101 SET CHARACTER_SET_CLIENT=@OLD_CHARACTER_SET_CLIENT */;
/*!40101 SET CHARACTER_SET_RESULTS=@OLD_CHARACTER_SET_RESULTS */;
/*!40101 SET COLLATION_CONNECTION=@OLD_COLLATION_CONNECTION */;
/*!40111 SET SQL_NOTES=@OLD_SQL_NOTES */;

-- Dump completed on 2017-06-03  8:22:20
